,animal,session,cluster ID,learning phase,target evoked FR
0,AE_344,AE_344_10_opto_AC.pickle,15,3,8.775510204081632
1,AE_344,AE_344_10_opto_AC.pickle,27,3,-13.26530612244898
2,AE_344,AE_344_10_opto_AC.pickle,46,3,11.452991452991453
3,AE_344,AE_344_10_opto_AC.pickle,59,3,11.904761904761903
4,AE_344,AE_344_10_opto_AC.pickle,60,3,115.17006802721087
5,AE_344,AE_344_10_opto_AC.pickle,72,3,42.10884353741496
6,AE_344,AE_344_10_opto_AC.pickle,74,3,-5.374149659863947
7,AE_344,AE_344_10_opto_AC.pickle,78,3,22.653061224489797
8,AE_344,AE_344_10_opto_AC.pickle,87,3,13.809523809523808
9,AE_344,AE_344_10_opto_AC.pickle,96,3,5.701754385964912
10,AE_344,AE_344_10_opto_AC.pickle,114,3,13.401360544217688
11,AE_344,AE_344_10_opto_AC.pickle,119,3,10.56910569105691
12,AE_344,AE_344_10_opto_AC.pickle,127,3,-7.346938775510204
13,AE_344,AE_344_10_opto_AC.pickle,128,3,29.72222222222222
14,AE_344,AE_344_10_opto_AC.pickle,136,3,14.217687074829932
15,AE_344,AE_344_10_opto_AC.pickle,141,3,32.31292517006803
16,AE_344,AE_344_10_opto_AC.pickle,144,3,29.795918367346935
17,AE_344,AE_344_1_opto_AC.pickle,8,1,-6.497890295358649
18,AE_344,AE_344_1_opto_AC.pickle,23,1,37.890295358649794
19,AE_344,AE_344_1_opto_AC.pickle,24,1,184.47257383966246
20,AE_344,AE_344_1_opto_AC.pickle,34,1,66.91983122362869
21,AE_344,AE_344_1_opto_AC.pickle,47,1,16.202531645569618
22,AE_344,AE_344_1_opto_AC.pickle,48,1,13.33333333333333
23,AE_344,AE_344_1_opto_AC.pickle,53,1,17.383966244725737
24,AE_344,AE_344_1_opto_AC.pickle,58,1,7.848101265822785
25,AE_344,AE_344_1_opto_AC.pickle,62,1,8.88888888888889
26,AE_344,AE_344_1_opto_AC.pickle,71,1,11.645569620253168
27,AE_344,AE_344_2_opto_AC.pickle,3,1,167.59075907590758
28,AE_344,AE_344_2_opto_AC.pickle,16,1,5.88235294117647
29,AE_344,AE_344_2_opto_AC.pickle,24,1,11.159420289855072
30,AE_344,AE_344_2_opto_AC.pickle,32,1,-6.0726072607260715
31,AE_344,AE_344_2_opto_AC.pickle,46,1,24.29042904290429
32,AE_344,AE_344_2_opto_AC.pickle,51,1,-10.891089108910892
33,AE_344,AE_344_2_opto_AC.pickle,53,1,-9.108910891089108
34,AE_344,AE_344_2_opto_AC.pickle,59,1,-2.508250825082508
35,AE_344,AE_344_2_opto_AC.pickle,67,1,5.544554455445546
36,AE_344,AE_344_2_opto_AC.pickle,71,1,48.44884488448845
37,AE_344,AE_344_2_opto_AC.pickle,72,1,6.270627062706271
38,AE_344,AE_344_2_opto_AC.pickle,74,1,-8.646864686468646
39,AE_344,AE_344_2_opto_AC.pickle,81,1,-8.844884488448844
40,AE_344,AE_344_2_opto_AC.pickle,95,1,-10.561056105610561
41,AE_344,AE_344_2_opto_AC.pickle,96,1,-5.874587458745875
42,AE_344,AE_344_2_opto_AC.pickle,134,1,16.83168316831683
43,AE_344,AE_344_2_opto_AC.pickle,136,1,25.74257425742574
44,AE_344,AE_344_2_opto_AC.pickle,138,1,35.18151815181518
45,AE_344,AE_344_2_opto_AC.pickle,140,1,10.606060606060606
46,AE_344,AE_344_3_opto_AC.pickle,9,1,60.06666666666667
47,AE_344,AE_344_3_opto_AC.pickle,36,1,36.46666666666667
48,AE_344,AE_344_3_opto_AC.pickle,37,1,9.8
49,AE_344,AE_344_3_opto_AC.pickle,40,1,5.8
50,AE_344,AE_344_3_opto_AC.pickle,44,1,2.5999999999999996
51,AE_344,AE_344_3_opto_AC.pickle,63,1,17.46666666666667
52,AE_344,AE_344_3_opto_AC.pickle,74,1,10.4
53,AE_344,AE_344_3_opto_AC.pickle,85,1,11.266666666666666
54,AE_344,AE_344_3_opto_AC.pickle,91,1,11.333333333333332
55,AE_344,AE_344_3_opto_AC.pickle,112,1,-3.8666666666666676
56,AE_344,AE_344_3_opto_AC.pickle,119,1,3.9333333333333336
57,AE_344,AE_344_3_opto_AC.pickle,120,1,5.0
58,AE_344,AE_344_3_opto_AC.pickle,121,1,4.1880341880341865
59,AE_344,AE_344_3_opto_AC.pickle,144,1,-4.4
60,AE_344,AE_344_3_opto_AC.pickle,156,1,11.066666666666666
61,AE_344,AE_344_3_opto_AC.pickle,161,1,-11.333333333333336
62,AE_344,AE_344_3_opto_AC.pickle,162,1,21.875
63,AE_344,AE_344_3_opto_AC.pickle,163,1,9.8
64,AE_344,AE_344_3_opto_AC.pickle,166,1,9.230769230769232
65,AE_344,AE_344_5_opto_AC.pickle,9,2,-4.097859327217125
66,AE_344,AE_344_5_opto_AC.pickle,11,2,37.24770642201834
67,AE_344,AE_344_5_opto_AC.pickle,15,2,34.78547854785479
68,AE_344,AE_344_5_opto_AC.pickle,34,2,19.510703363914374
69,AE_344,AE_344_5_opto_AC.pickle,39,2,-3.58974358974359
70,AE_344,AE_344_5_opto_AC.pickle,41,2,11.192660550458717
71,AE_344,AE_344_5_opto_AC.pickle,66,2,-2.6881720430107525
72,AE_344,AE_344_5_opto_AC.pickle,77,2,-25.504587155963307
73,AE_344,AE_344_5_opto_AC.pickle,81,2,-4.220183486238532
74,AE_344,AE_344_5_opto_AC.pickle,86,2,23.425076452599388
75,AE_344,AE_344_5_opto_AC.pickle,97,2,49.72477064220183
76,AE_344,AE_344_5_opto_AC.pickle,98,2,-6.788990825688074
77,AE_344,AE_344_5_opto_AC.pickle,99,2,-3.983739837398374
78,AE_344,AE_344_5_opto_AC.pickle,102,2,-7.6452599388379205
79,AE_344,AE_344_5_opto_AC.pickle,108,2,-3.0522088353413657
80,AE_344,AE_344_5_opto_AC.pickle,112,2,-3.1804281345565757
81,AE_344,AE_344_5_opto_AC.pickle,115,2,-4.648318042813456
82,AE_344,AE_344_5_opto_AC.pickle,134,2,8.685015290519877
83,AE_344,AE_344_5_opto_AC.pickle,138,2,3.2415902140672785
84,AE_344,AE_344_5_opto_AC.pickle,151,2,-9.051987767584098
85,AE_344,AE_344_5_opto_AC.pickle,157,2,-3.669724770642202
86,AE_344,AE_344_5_opto_AC.pickle,176,2,7.767584097859327
87,AE_344,AE_344_5_opto_AC.pickle,178,2,-3.366336633663367
88,AE_344,AE_344_5_opto_AC.pickle,186,2,54.12844036697247
89,AE_344,AE_344_6_opto_AC.pickle,25,2,-5.132743362831858
90,AE_344,AE_344_6_opto_AC.pickle,46,2,14.895833333333334
91,AE_344,AE_344_6_opto_AC.pickle,93,2,10.677083333333332
92,AE_344,AE_344_6_opto_AC.pickle,101,2,35.8
93,AE_344,AE_344_6_opto_AC.pickle,115,2,28.124999999999996
94,AE_344,AE_344_6_opto_AC.pickle,131,2,-9.479166666666671
95,AE_344,AE_344_6_opto_AC.pickle,143,2,-6.979166666666668
96,AE_344,AE_344_6_opto_AC.pickle,144,2,9.67551622418879
97,AE_344,AE_344_6_opto_AC.pickle,175,2,5.416666666666666
98,AE_344,AE_344_6_opto_AC.pickle,187,2,11.145833333333332
99,AE_344,AE_344_6_opto_AC.pickle,195,2,9.895833333333332
100,AE_344,AE_344_6_opto_AC.pickle,204,2,28.958333333333332
101,AE_344,AE_344_6_opto_AC.pickle,216,2,25.545722713864304
102,AE_344,AE_344_6_opto_AC.pickle,235,2,-5.416666666666667
103,AE_344,AE_344_6_opto_AC.pickle,249,2,-2.3655913978494625
104,AE_344,AE_344_6_opto_AC.pickle,268,2,6.875
105,AE_344,AE_344_6_opto_AC.pickle,272,2,40.94395280235988
106,AE_344,AE_344_6_opto_AC.pickle,291,2,9.895833333333334
107,AE_344,AE_344_6_opto_AC.pickle,352,2,2.261904761904762
108,AE_344,AE_344_6_opto_AC.pickle,357,2,-7.239583333333334
109,AE_344,AE_344_6_opto_AC.pickle,362,2,-3.229166666666667
110,AE_344,AE_344_6_opto_AC.pickle,366,2,18.854166666666668
111,AE_344,AE_344_6_opto_AC.pickle,367,2,7.083333333333333
112,AE_344,AE_344_6_opto_AC.pickle,373,2,5.402298850574713
113,AE_344,AE_344_6_opto_AC.pickle,374,2,5.37037037037037
114,AE_344,AE_344_6_opto_AC.pickle,377,2,23.541666666666664
115,AE_344,AE_344_6_opto_AC.pickle,384,2,15.9375
116,AE_344,AE_344_6_opto_AC.pickle,385,2,3.8541666666666665
117,AE_344,AE_344_7_opto_AC.pickle,0,3,27.97507788161994
118,AE_344,AE_344_7_opto_AC.pickle,18,3,142.80373831775702
119,AE_344,AE_344_7_opto_AC.pickle,44,3,-5.420560747663552
120,AE_344,AE_344_7_opto_AC.pickle,49,3,27.538940809968846
121,AE_344,AE_344_7_opto_AC.pickle,77,3,-27.850467289719628
122,AE_344,AE_344_7_opto_AC.pickle,80,3,-7.414330218068535
123,AE_344,AE_344_7_opto_AC.pickle,96,3,-3.7383177570093467
124,AE_344,AE_344_7_opto_AC.pickle,100,3,-7.601246105919003
125,AE_344,AE_344_7_opto_AC.pickle,109,3,45.9190031152648
126,AE_344,AE_344_7_opto_AC.pickle,111,3,2.0567375886524824
127,AE_344,AE_344_7_opto_AC.pickle,112,3,66.25
128,AE_344,AE_344_7_opto_AC.pickle,118,3,36.760124610591895
129,AE_344,AE_344_7_opto_AC.pickle,121,3,23.98753894080997
130,AE_344,AE_344_7_opto_AC.pickle,128,3,7.414330218068535
131,AE_344,AE_344_7_opto_AC.pickle,129,3,12.274143302180686
132,AE_344,AE_344_7_opto_AC.pickle,130,3,-4.859813084112149
133,AE_344,AE_344_7_opto_AC.pickle,133,3,14.82866043613707
134,AE_344,AE_344_7_opto_AC.pickle,145,3,5.29595015576324
135,AE_344,AE_344_7_opto_AC.pickle,169,3,-4.922118380062306
136,AE_344,AE_344_7_opto_AC.pickle,170,3,7.975077881619937
137,AE_344,AE_344_7_opto_AC.pickle,174,3,-5.482866043613708
138,AE_344,AE_344_7_opto_AC.pickle,182,3,-11.651090342679128
139,AE_344,AE_344_7_opto_AC.pickle,186,3,6.355140186915889
140,AE_344,AE_344_7_opto_AC.pickle,193,3,21.370716510903428
141,AE_344,AE_344_7_opto_AC.pickle,195,3,24.610591900311526
142,AE_344,AE_344_7_opto_AC.pickle,197,3,-3.4890965732087227
143,AE_344,AE_344_7_opto_AC.pickle,210,3,24.23676012461059
144,AE_344,AE_344_7_opto_AC.pickle,212,3,-4.797507788161994
145,AE_344,AE_344_7_opto_AC.pickle,218,3,-7.601246105919005
146,AE_344,AE_344_7_opto_AC.pickle,247,3,20.249221183800625
147,AE_344,AE_344_7_opto_AC.pickle,276,3,12.087227414330217
148,AE_344,AE_344_7_opto_AC.pickle,283,3,14.641744548286606
149,AE_344,AE_344_7_opto_AC.pickle,290,3,-9.595015576323988
150,AE_344,AE_344_7_opto_AC.pickle,292,3,4.610591900311527
151,AE_344,AE_344_7_opto_AC.pickle,314,3,18.271604938271604
152,AE_344,AE_344_7_opto_AC.pickle,320,3,10.965732087227416
153,AE_344,AE_344_7_opto_AC.pickle,336,3,11.651090342679126
154,AE_344,AE_344_7_opto_AC.pickle,338,3,-10.903426791277257
155,AE_344,AE_344_7_opto_AC.pickle,347,3,6.7912772585669785
156,AE_344,AE_344_7_opto_AC.pickle,349,3,22.36760124610592
157,AE_344,AE_344_7_opto_AC.pickle,350,3,5.109034267912772
158,AE_344,AE_344_7_opto_AC.pickle,353,3,-4.9221183800623045
159,AE_344,AE_344_7_opto_AC.pickle,354,3,1.1666666666666665
160,AE_344,AE_344_8_opto_AC.pickle,17,3,-4.899598393574297
161,AE_344,AE_344_8_opto_AC.pickle,58,3,1.9047619047619047
162,AE_344,AE_344_8_opto_AC.pickle,67,3,-12.046783625730995
163,AE_344,AE_344_8_opto_AC.pickle,80,3,11.549295774647888
164,AE_344,AE_344_8_opto_AC.pickle,90,3,117.19298245614034
165,AE_344,AE_344_8_opto_AC.pickle,121,3,-5.949820788530467
166,AE_344,AE_344_8_opto_AC.pickle,135,3,8.059701492537313
167,AE_344,AE_344_8_opto_AC.pickle,144,3,7.017543859649122
168,AE_344,AE_344_8_opto_AC.pickle,155,3,-4.907407407407408
169,AE_344,AE_344_8_opto_AC.pickle,159,3,3.0409356725146193
170,AE_344,AE_344_8_opto_AC.pickle,220,3,17.037037037037038
171,AE_344,AE_344_8_opto_AC.pickle,236,3,15.8974358974359
172,AE_344,AE_344_8_opto_AC.pickle,255,3,16.432748538011698
173,AE_344,AE_344_8_opto_AC.pickle,260,3,18.69281045751634
174,AE_344,AE_344_8_opto_AC.pickle,267,3,6.054421768707483
175,AE_344,AE_344_8_opto_AC.pickle,269,3,-3.8596491228070176
176,AE_344,AE_344_8_opto_AC.pickle,279,3,31.871345029239766
177,AE_344,AE_344_8_opto_AC.pickle,282,3,39.06432748538011
178,AE_344,AE_344_8_opto_AC.pickle,283,3,6.666666666666666
179,AE_344,AE_344_8_opto_AC.pickle,284,3,8.24561403508772
180,AE_344,AE_344_8_opto_AC.pickle,286,3,9.707602339181287
181,AE_344,AE_344_9_opto_AC.pickle,7,3,10.1010101010101
182,AE_344,AE_344_9_opto_AC.pickle,14,3,21.81818181818182
183,AE_344,AE_344_9_opto_AC.pickle,23,3,-4.7222222222222205
184,AE_344,AE_344_9_opto_AC.pickle,41,3,-9.411764705882353
185,AE_344,AE_344_9_opto_AC.pickle,47,3,-5.045045045045045
186,AE_344,AE_344_9_opto_AC.pickle,58,3,7.373737373737374
187,AE_344,AE_344_9_opto_AC.pickle,64,3,24.722222222222225
188,AE_344,AE_344_9_opto_AC.pickle,79,3,10.045662100456621
189,AE_344,AE_344_9_opto_AC.pickle,81,3,14.726368159203979
190,AE_344,AE_344_9_opto_AC.pickle,89,3,8.21256038647343
191,AE_344,AE_344_9_opto_AC.pickle,109,3,25.656565656565654
192,AE_344,AE_344_9_opto_AC.pickle,163,3,27.84722222222222
193,AE_344,AE_344_9_opto_AC.pickle,174,3,3.2900432900432888
194,AE_344,AE_344_9_opto_AC.pickle,180,3,7.058823529411765
195,AE_344,AE_344_9_opto_AC.pickle,194,3,9.154228855721394
196,AE_344,AE_344_9_opto_AC.pickle,207,3,4.027777777777777
197,AE_344,AE_344_9_opto_AC.pickle,208,3,8.11965811965812
198,AE_344,AE_344_9_opto_AC.pickle,217,3,-4.027777777777779
199,AE_344,AE_344_9_opto_AC.pickle,291,3,11.458333333333332
200,AE_344,AE_344_9_opto_AC.pickle,302,3,52.361111111111114
201,AE_344,AE_344_9_opto_AC.pickle,304,3,4.652777777777778
202,AE_344,AE_344_9_opto_AC.pickle,305,3,27.445887445887447
203,AE_346,AE_346_1_opto_AC.pickle,8,1,-8.032128514056227
204,AE_346,AE_346_1_opto_AC.pickle,9,1,9.251700680272108
205,AE_346,AE_346_1_opto_AC.pickle,35,1,4.8192771084337345
206,AE_346,AE_346_1_opto_AC.pickle,53,1,25.698924731182796
207,AE_346,AE_346_1_opto_AC.pickle,58,1,12.845528455284551
208,AE_346,AE_346_1_opto_AC.pickle,63,1,6.363636363636364
209,AE_346,AE_346_1_opto_AC.pickle,74,1,33.33333333333333
210,AE_346,AE_346_1_opto_AC.pickle,93,1,14.618473895582328
211,AE_346,AE_346_1_opto_AC.pickle,101,1,10.923694779116467
212,AE_346,AE_346_1_opto_AC.pickle,110,1,17.269076305220885
213,AE_346,AE_346_1_opto_AC.pickle,120,1,26.506024096385545
214,AE_346,AE_346_1_opto_AC.pickle,126,1,7.550200803212851
215,AE_346,AE_346_1_opto_AC.pickle,131,1,15.742971887550201
216,AE_346,AE_346_1_opto_AC.pickle,150,1,11.726907630522089
217,AE_346,AE_346_1_opto_AC.pickle,164,1,60.55555555555556
218,AE_346,AE_346_1_opto_AC.pickle,167,1,5.863453815261043
219,AE_346,AE_346_1_opto_AC.pickle,170,1,48.266666666666666
220,AE_346,AE_346_1_opto_AC.pickle,190,1,1.927710843373494
221,AE_346,AE_346_1_opto_AC.pickle,198,1,3.225806451612903
222,AE_346,AE_346_1_opto_AC.pickle,209,1,-6.345381526104418
223,AE_346,AE_346_1_opto_AC.pickle,210,1,-13.012048192771084
224,AE_346,AE_346_1_opto_AC.pickle,214,1,-1.3675213675213675
225,AE_346,AE_346_2_opto_AC.pickle,3,1,5.695792880258898
226,AE_346,AE_346_2_opto_AC.pickle,4,1,-3.5135135135135136
227,AE_346,AE_346_2_opto_AC.pickle,6,1,16.957928802588995
228,AE_346,AE_346_2_opto_AC.pickle,17,1,16.44012944983819
229,AE_346,AE_346_2_opto_AC.pickle,31,1,-3.624595469255664
230,AE_346,AE_346_2_opto_AC.pickle,34,1,-4.919093851132687
231,AE_346,AE_346_2_opto_AC.pickle,56,1,19.15857605177993
232,AE_346,AE_346_2_opto_AC.pickle,57,1,15.27508090614887
233,AE_346,AE_346_2_opto_AC.pickle,58,1,6.731391585760518
234,AE_346,AE_346_2_opto_AC.pickle,59,1,-0.7766990291262134
235,AE_346,AE_346_2_opto_AC.pickle,76,1,11.132686084142394
236,AE_346,AE_346_2_opto_AC.pickle,77,1,4.615384615384616
237,AE_346,AE_346_2_opto_AC.pickle,78,1,8.02588996763754
238,AE_346,AE_346_2_opto_AC.pickle,87,1,6.27831715210356
239,AE_346,AE_346_2_opto_AC.pickle,97,1,-2.0987654320987654
240,AE_346,AE_346_2_opto_AC.pickle,103,1,-9.644012944983817
241,AE_346,AE_346_2_opto_AC.pickle,104,1,29.838187702265373
242,AE_346,AE_346_2_opto_AC.pickle,108,1,5.501618122977346
243,AE_346,AE_346_2_opto_AC.pickle,148,1,-2.633744855967078
244,AE_346,AE_346_2_opto_AC.pickle,154,1,31.262135922330096
245,AE_346,AE_346_2_opto_AC.pickle,176,1,-5.825242718446602
246,AE_346,AE_346_2_opto_AC.pickle,177,1,120.74074074074075
247,AE_346,AE_346_4_opto_AC.pickle,2,2,6.074074074074074
248,AE_346,AE_346_4_opto_AC.pickle,8,2,15.0
249,AE_346,AE_346_4_opto_AC.pickle,30,2,6.818181818181818
250,AE_346,AE_346_4_opto_AC.pickle,59,2,-2.2222222222222223
251,AE_346,AE_346_4_opto_AC.pickle,75,2,5.481481481481481
252,AE_346,AE_346_4_opto_AC.pickle,107,2,5.629629629629629
253,AE_346,AE_346_4_opto_AC.pickle,142,2,19.333333333333332
254,AE_346,AE_346_4_opto_AC.pickle,143,2,34.51851851851852
255,AE_346,AE_346_4_opto_AC.pickle,148,2,7.777777777777777
256,AE_346,AE_346_4_opto_AC.pickle,158,2,29.703703703703706
257,AE_346,AE_346_4_opto_AC.pickle,167,2,6.37037037037037
258,AE_346,AE_346_4_opto_AC.pickle,175,2,20.08658008658009
259,AE_346,AE_346_4_opto_AC.pickle,179,2,3.5555555555555554
260,AE_346,AE_346_4_opto_AC.pickle,180,2,5.490196078431373
261,AE_346,AE_346_4_opto_AC.pickle,200,2,1.3333333333333335
262,AE_346,AE_346_4_opto_AC.pickle,213,2,5.686274509803922
263,AE_346,AE_346_4_opto_AC.pickle,223,2,25.85185185185185
264,AE_346,AE_346_4_opto_AC.pickle,229,2,33.25925925925926
265,AE_346,AE_346_4_opto_AC.pickle,241,2,43.095238095238095
266,AE_346,AE_346_4_opto_AC.pickle,262,2,10.96296296296296
267,AE_346,AE_346_4_opto_AC.pickle,266,2,1.7037037037037037
268,AE_346,AE_346_4_opto_AC.pickle,268,2,-2.592592592592593
269,AE_346,AE_346_4_opto_AC.pickle,270,2,24.59259259259259
270,AE_346,AE_346_5_opto_AC.pickle,6,2,9.111111111111112
271,AE_346,AE_346_5_opto_AC.pickle,7,2,15.72222222222222
272,AE_346,AE_346_5_opto_AC.pickle,8,2,6.277777777777779
273,AE_346,AE_346_5_opto_AC.pickle,26,2,14.944444444444445
274,AE_346,AE_346_5_opto_AC.pickle,27,2,-9.5
275,AE_346,AE_346_5_opto_AC.pickle,38,2,3.8888888888888884
276,AE_346,AE_346_5_opto_AC.pickle,75,2,5.176470588235294
277,AE_346,AE_346_5_opto_AC.pickle,76,2,37.27777777777778
278,AE_346,AE_346_5_opto_AC.pickle,88,2,7.222222222222223
279,AE_346,AE_346_5_opto_AC.pickle,94,2,39.83333333333333
280,AE_346,AE_346_5_opto_AC.pickle,101,2,-7.388888888888888
281,AE_346,AE_346_5_opto_AC.pickle,102,2,4.367816091954023
282,AE_346,AE_346_5_opto_AC.pickle,119,2,-5.166666666666667
283,AE_346,AE_346_5_opto_AC.pickle,124,2,24.5
284,AE_346,AE_346_5_opto_AC.pickle,135,2,17.416666666666664
285,AE_346,AE_346_5_opto_AC.pickle,140,2,7.265917602996255
286,AE_346,AE_346_5_opto_AC.pickle,146,2,-5.333333333333333
287,AE_346,AE_346_5_opto_AC.pickle,149,2,20.388888888888886
288,AE_346,AE_346_5_opto_AC.pickle,150,2,31.444444444444443
289,AE_346,AE_346_5_opto_AC.pickle,151,2,35.55555555555556
290,AE_346,AE_346_5_opto_AC.pickle,155,2,3.9444444444444446
291,AE_346,AE_346_5_opto_AC.pickle,159,2,65.66666666666667
292,AE_346,AE_346_5_opto_AC.pickle,186,2,11.666666666666668
293,AE_346,AE_346_5_opto_AC.pickle,188,2,40.16666666666667
294,AE_346,AE_346_5_opto_AC.pickle,196,2,6.212121212121209
295,AE_346,AE_346_5_opto_AC.pickle,206,2,5.803921568627452
296,AE_346,AE_346_5_opto_AC.pickle,218,2,-3.055555555555555
297,AE_346,AE_346_5_opto_AC.pickle,272,2,6.956521739130435
298,AE_346,AE_346_5_opto_AC.pickle,291,2,9.333333333333332
299,AE_346,AE_346_5_opto_AC.pickle,299,2,14.796747967479675
300,AE_346,AE_346_5_opto_AC.pickle,305,2,2.7222222222222214
301,AE_346,AE_346_5_opto_AC.pickle,308,2,5.411764705882352
302,AE_346,AE_346_5_opto_AC.pickle,337,2,5.045045045045045
303,AE_346,AE_346_5_opto_AC.pickle,341,2,20.0
304,AE_346,AE_346_5_opto_AC.pickle,354,2,17.38888888888889
305,AE_346,AE_346_5_opto_AC.pickle,355,2,3.5555555555555554
306,AE_346,AE_346_5_opto_AC.pickle,356,2,-4.666666666666667
307,AE_346,AE_346_6_opto_AC.pickle,77,2,-5.172413793103448
308,AE_346,AE_346_6_opto_AC.pickle,92,2,-6.781609195402298
309,AE_346,AE_346_6_opto_AC.pickle,133,2,6.781609195402298
310,AE_346,AE_346_6_opto_AC.pickle,157,2,2.758620689655172
311,AE_346,AE_346_6_opto_AC.pickle,170,2,12.873563218390805
312,AE_346,AE_346_6_opto_AC.pickle,199,2,5.402298850574713
313,AE_346,AE_346_6_opto_AC.pickle,205,2,-2.988505747126437
314,AE_346,AE_346_6_opto_AC.pickle,208,2,18.620689655172413
315,AE_346,AE_346_6_opto_AC.pickle,229,2,9.655172413793103
316,AE_346,AE_346_6_opto_AC.pickle,242,2,2.9885057471264362
317,AE_346,AE_346_6_opto_AC.pickle,260,2,-3.67816091954023
318,AE_346,AE_346_6_opto_AC.pickle,310,2,-5.632183908045978
319,AE_346,AE_346_6_opto_AC.pickle,314,2,-7.901234567901235
320,AE_346,AE_346_6_opto_AC.pickle,319,2,45.28735632183908
321,AE_346,AE_346_6_opto_AC.pickle,336,2,37.22222222222222
322,AE_346,AE_346_6_opto_AC.pickle,338,2,5.555555555555555
323,AE_346,AE_346_7_opto_AC.pickle,19,3,32.20657276995305
324,AE_346,AE_346_7_opto_AC.pickle,23,3,-11.838006230529595
325,AE_346,AE_346_7_opto_AC.pickle,30,3,3.982683982683983
326,AE_346,AE_346_7_opto_AC.pickle,37,3,-4.610591900311526
327,AE_346,AE_346_7_opto_AC.pickle,66,3,4.044943820224719
328,AE_346,AE_346_7_opto_AC.pickle,70,3,30.404984423676012
329,AE_346,AE_346_7_opto_AC.pickle,72,3,25.981308411214954
330,AE_346,AE_346_7_opto_AC.pickle,81,3,11.838006230529594
331,AE_346,AE_346_7_opto_AC.pickle,90,3,16.261682242990656
332,AE_346,AE_346_7_opto_AC.pickle,95,3,-3.9506172839506175
333,AE_346,AE_346_7_opto_AC.pickle,106,3,-7.850467289719626
334,AE_346,AE_346_7_opto_AC.pickle,147,3,25.192982456140353
335,AE_346,AE_346_7_opto_AC.pickle,200,3,8.484848484848486
336,AE_346,AE_346_7_opto_AC.pickle,201,3,6.666666666666667
337,AE_346,AE_346_7_opto_AC.pickle,206,3,-4.174454828660437
338,AE_346,AE_346_7_opto_AC.pickle,216,3,5.019607843137255
339,AE_346,AE_346_7_opto_AC.pickle,217,3,-9.84423676012461
340,AE_346,AE_346_7_opto_AC.pickle,238,3,-2.803738317757009
341,AE_346,AE_346_7_opto_AC.pickle,253,3,1.1320754716981134
342,AE_346,AE_346_7_opto_AC.pickle,254,3,2.9629629629629632
343,AE_346,AE_346_7_opto_AC.pickle,258,3,2.1806853582554515
344,AE_346,AE_346_7_opto_AC.pickle,259,3,-2.3676012461059193
345,AE_346,AE_346_7_opto_AC.pickle,279,3,13.08411214953271
346,AE_346,AE_346_7_opto_AC.pickle,282,3,-4.516129032258064
347,AE_346,AE_346_7_opto_AC.pickle,310,3,7.818930041152264
348,AE_346,AE_346_7_opto_AC.pickle,311,3,4.358974358974359
349,AE_346,AE_346_7_opto_AC.pickle,315,3,13.073593073593074
350,AE_346,AE_346_7_opto_AC.pickle,320,3,-4.675324675324676
351,AE_346,AE_346_7_opto_AC.pickle,361,3,-15.80246913580247
352,AE_346,AE_346_7_opto_AC.pickle,364,3,-5.981308411214953
353,AE_346,AE_346_7_opto_AC.pickle,372,3,2.554517133956386
354,AE_346,AE_346_8_opto_AC.pickle,12,3,-2.2222222222222228
355,AE_346,AE_346_8_opto_AC.pickle,28,3,8.974358974358976
356,AE_346,AE_346_8_opto_AC.pickle,30,3,-3.6559139784946244
357,AE_346,AE_346_8_opto_AC.pickle,33,3,52.9059829059829
358,AE_346,AE_346_8_opto_AC.pickle,41,3,-4.113475177304965
359,AE_346,AE_346_8_opto_AC.pickle,43,3,13.931623931623932
360,AE_346,AE_346_8_opto_AC.pickle,55,3,16.444444444444443
361,AE_346,AE_346_8_opto_AC.pickle,90,3,8.833333333333334
362,AE_346,AE_346_8_opto_AC.pickle,97,3,-5.789473684210526
363,AE_346,AE_346_8_opto_AC.pickle,102,3,13.162393162393162
364,AE_346,AE_346_8_opto_AC.pickle,110,3,18.29059829059829
365,AE_346,AE_346_8_opto_AC.pickle,115,3,16.837606837606835
366,AE_346,AE_346_8_opto_AC.pickle,127,3,-1.5789473684210527
367,AE_346,AE_346_8_opto_AC.pickle,128,3,4.102564102564102
368,AE_346,AE_346_8_opto_AC.pickle,130,3,1.8604651162790697
369,AE_346,AE_346_8_opto_AC.pickle,132,3,6.666666666666666
370,AE_346,AE_346_8_opto_AC.pickle,141,3,8.98550724637681
371,AE_346,AE_346_8_opto_AC.pickle,146,3,6.051282051282051
372,AE_346,AE_346_8_opto_AC.pickle,152,3,-7.094017094017095
373,AE_346,AE_346_8_opto_AC.pickle,163,3,-4.822695035460992
374,AE_346,AE_346_9_opto_AC.pickle,0,3,1.574074074074074
375,AE_346,AE_346_9_opto_AC.pickle,1,3,3.8095238095238093
376,AE_346,AE_346_9_opto_AC.pickle,7,3,10.634920634920636
377,AE_346,AE_346_9_opto_AC.pickle,17,3,5.9523809523809526
378,AE_346,AE_346_9_opto_AC.pickle,23,3,5.555555555555555
379,AE_346,AE_346_9_opto_AC.pickle,35,3,6.666666666666668
380,AE_346,AE_346_9_opto_AC.pickle,43,3,5.481481481481482
381,AE_346,AE_346_9_opto_AC.pickle,64,3,13.012048192771083
382,AE_346,AE_346_9_opto_AC.pickle,76,3,9.385964912280702
383,AE_346,AE_346_9_opto_AC.pickle,82,3,14.39613526570048
384,AE_346,AE_346_9_opto_AC.pickle,85,3,14.261603375527425
385,AE_346,AE_346_9_opto_AC.pickle,108,3,-1.6666666666666665
386,AE_346,AE_346_9_opto_AC.pickle,110,3,11.031746031746032
387,AE_346,AE_346_9_opto_AC.pickle,130,3,4.603174603174604
388,AE_346,AE_346_9_opto_AC.pickle,137,3,4.365079365079365
389,AE_346,AE_346_9_opto_AC.pickle,160,3,19.083333333333332
390,AE_346,AE_346_9_opto_AC.pickle,178,3,8.174603174603174
391,AE_350,AE_350_10_opto_control_AC.pickle,2,pre expert,43.14814814814815
392,AE_350,AE_350_10_opto_control_AC.pickle,22,pre expert,36.908212560386474
393,AE_350,AE_350_10_opto_control_AC.pickle,25,pre expert,21.88888888888889
394,AE_350,AE_350_10_opto_control_AC.pickle,35,pre expert,11.111111111111112
395,AE_350,AE_350_10_opto_control_AC.pickle,39,pre expert,21.455938697318008
396,AE_350,AE_350_10_opto_control_AC.pickle,50,pre expert,27.48148148148148
397,AE_350,AE_350_10_opto_control_AC.pickle,58,pre expert,71.81481481481481
398,AE_350,AE_350_10_opto_control_AC.pickle,66,pre expert,113.44444444444444
399,AE_350,AE_350_10_opto_control_AC.pickle,94,pre expert,101.48148148148148
400,AE_350,AE_350_10_opto_control_AC.pickle,104,pre expert,44.629629629629626
401,AE_350,AE_350_10_opto_control_AC.pickle,110,pre expert,22.38442822384428
402,AE_350,AE_350_10_opto_control_AC.pickle,122,pre expert,47.77777777777777
403,AE_350,AE_350_10_opto_control_AC.pickle,128,pre expert,46.77777777777778
404,AE_350,AE_350_10_opto_control_AC.pickle,132,pre expert,11.546391752577318
405,AE_350,AE_350_10_opto_control_AC.pickle,149,pre expert,8.333333333333332
406,AE_350,AE_350_10_opto_control_AC.pickle,151,pre expert,8.555555555555557
407,AE_350,AE_350_10_opto_control_AC.pickle,153,pre expert,8.0
408,AE_350,AE_350_10_opto_control_AC.pickle,204,pre expert,-14.740740740740742
409,AE_350,AE_350_10_opto_control_AC.pickle,206,pre expert,13.629629629629632
410,AE_350,AE_350_10_opto_control_AC.pickle,208,pre expert,12.302405498281786
411,AE_350,AE_350_10_opto_control_AC.pickle,216,pre expert,17.67337807606264
412,AE_350,AE_350_1_opto_control_AC.pickle,94,pre early,21.311475409836067
413,AE_350,AE_350_1_opto_control_AC.pickle,99,pre early,32.349726775956285
414,AE_350,AE_350_1_opto_control_AC.pickle,125,pre early,19.78142076502732
415,AE_350,AE_350_1_opto_control_AC.pickle,142,pre early,7.213114754098361
416,AE_350,AE_350_1_opto_control_AC.pickle,148,pre early,19.453551912568308
417,AE_350,AE_350_1_opto_control_AC.pickle,152,pre early,13.551912568306008
418,AE_350,AE_350_1_opto_control_AC.pickle,154,pre early,12.240437158469947
419,AE_350,AE_350_1_opto_control_AC.pickle,165,pre early,12.021857923497269
420,AE_350,AE_350_1_opto_control_AC.pickle,185,pre early,5.901639344262295
421,AE_350,AE_350_1_opto_control_AC.pickle,186,pre early,17.04918032786885
422,AE_350,AE_350_1_opto_control_AC.pickle,198,pre early,-9.617486338797816
423,AE_350,AE_350_1_opto_control_AC.pickle,216,pre early,16.939890710382514
424,AE_350,AE_350_1_opto_control_AC.pickle,250,pre early,11.69398907103825
425,AE_350,AE_350_1_opto_control_AC.pickle,252,pre early,39.89071038251366
426,AE_350,AE_350_1_opto_control_AC.pickle,255,pre early,24.918032786885245
427,AE_350,AE_350_1_opto_control_AC.pickle,265,pre early,9.398907103825138
428,AE_350,AE_350_1_opto_control_AC.pickle,277,pre early,6.229508196721312
429,AE_350,AE_350_2_opto_control_AC.pickle,39,pre early,20.08130081300813
430,AE_350,AE_350_2_opto_control_AC.pickle,73,pre early,52.318840579710155
431,AE_350,AE_350_2_opto_control_AC.pickle,88,pre early,20.476190476190474
432,AE_350,AE_350_3_opto_control_AC.pickle,44,pre early,37.89173789173789
433,AE_350,AE_350_3_opto_control_AC.pickle,55,pre early,47.40740740740741
434,AE_350,AE_350_3_opto_control_AC.pickle,88,pre early,11.90883190883191
435,AE_350,AE_350_3_opto_control_AC.pickle,114,pre early,13.978494623655914
436,AE_350,AE_350_3_opto_control_AC.pickle,128,pre early,58.57549857549857
437,AE_350,AE_350_3_opto_control_AC.pickle,131,pre early,8.774928774928775
438,AE_350,AE_350_3_opto_control_AC.pickle,142,pre early,35.27065527065527
439,AE_350,AE_350_3_opto_control_AC.pickle,157,pre early,38.00569800569801
440,AE_350,AE_350_3_opto_control_AC.pickle,170,pre early,34.7008547008547
441,AE_350,AE_350_3_opto_control_AC.pickle,188,pre early,28.433048433048434
442,AE_350,AE_350_3_opto_control_AC.pickle,202,pre early,24.15954415954416
443,AE_350,AE_350_3_opto_control_AC.pickle,209,pre early,66.43874643874643
444,AE_350,AE_350_3_opto_control_AC.pickle,211,pre early,13.447293447293447
445,AE_350,AE_350_3_opto_control_AC.pickle,253,pre early,20.45977011494253
446,AE_350,AE_350_3_opto_control_AC.pickle,257,pre early,26.857142857142854
447,AE_350,AE_350_3_opto_control_AC.pickle,259,pre early,58.74643874643875
448,AE_350,AE_350_3_opto_control_AC.pickle,261,pre early,14.75783475783476
449,AE_350,AE_350_3_opto_control_AC.pickle,266,pre early,31.111111111111114
450,AE_350,AE_350_3_opto_control_AC.pickle,273,pre early,3.931623931623932
451,AE_350,AE_350_3_opto_control_AC.pickle,277,pre early,10.94017094017094
452,AE_350,AE_350_3_opto_control_AC.pickle,288,pre early,40.322580645161295
453,AE_350,AE_350_3_opto_control_AC.pickle,295,pre early,22.165242165242166
454,AE_350,AE_350_3_opto_control_AC.pickle,300,pre early,32.36363636363636
455,AE_350,AE_350_5_opto_control_AC.pickle,54,pre late,13.588110403397026
456,AE_350,AE_350_5_opto_control_AC.pickle,68,pre late,83.24958123953098
457,AE_350,AE_350_5_opto_control_AC.pickle,72,pre late,19.16247906197655
458,AE_350,AE_350_5_opto_control_AC.pickle,73,pre late,4.723618090452263
459,AE_350,AE_350_5_opto_control_AC.pickle,74,pre late,11.948717948717949
460,AE_350,AE_350_5_opto_control_AC.pickle,79,pre late,51.55778894472361
461,AE_350,AE_350_5_opto_control_AC.pickle,80,pre late,20.089485458612977
462,AE_350,AE_350_5_opto_control_AC.pickle,90,pre late,58.31831831831832
463,AE_350,AE_350_5_opto_control_AC.pickle,91,pre late,32.93132328308208
464,AE_350,AE_350_5_opto_control_AC.pickle,92,pre late,9.84924623115578
465,AE_350,AE_350_5_opto_control_AC.pickle,104,pre late,-4.723618090452261
466,AE_350,AE_350_5_opto_control_AC.pickle,110,pre late,13.130081300813007
467,AE_350,AE_350_5_opto_control_AC.pickle,137,pre late,45.92964824120603
468,AE_350,AE_350_5_opto_control_AC.pickle,146,pre late,147.97319932998326
469,AE_350,AE_350_5_opto_control_AC.pickle,155,pre late,5.025125628140703
470,AE_350,AE_350_5_opto_control_AC.pickle,160,pre late,10.065359477124183
471,AE_350,AE_350_5_opto_control_AC.pickle,162,pre late,87.37018425460637
472,AE_350,AE_350_5_opto_control_AC.pickle,164,pre late,8.944723618090453
473,AE_350,AE_350_5_opto_control_AC.pickle,168,pre late,11.777777777777777
474,AE_350,AE_350_5_opto_control_AC.pickle,169,pre late,5.360134003350084
475,AE_350,AE_350_5_opto_control_AC.pickle,178,pre late,-1.41280353200883
476,AE_350,AE_350_5_opto_control_AC.pickle,223,pre late,6.398659966499164
477,AE_350,AE_350_5_opto_control_AC.pickle,225,pre late,5.9631490787269685
478,AE_350,AE_350_5_opto_control_AC.pickle,226,pre late,4.504504504504505
479,AE_350,AE_350_5_opto_control_AC.pickle,237,pre late,4.281842818428185
480,AE_350,AE_350_6_opto_control_AC.pickle,0,pre late,12.222222222222221
481,AE_350,AE_350_6_opto_control_AC.pickle,14,pre late,39.43019943019942
482,AE_350,AE_350_6_opto_control_AC.pickle,23,pre late,-8.746438746438749
483,AE_350,AE_350_6_opto_control_AC.pickle,60,pre late,-7.435897435897437
484,AE_350,AE_350_6_opto_control_AC.pickle,61,pre late,12.051282051282051
485,AE_350,AE_350_6_opto_control_AC.pickle,90,pre late,-3.9886039886039875
486,AE_350,AE_350_6_opto_control_AC.pickle,115,pre late,5.014245014245014
487,AE_350,AE_350_6_opto_control_AC.pickle,204,pre late,13.380281690140844
488,AE_350,AE_350_7_opto_control_AC.pickle,84,pre late,17.04194260485651
489,AE_350,AE_350_7_opto_control_AC.pickle,91,pre late,67.63796909492274
490,AE_350,AE_350_7_opto_control_AC.pickle,126,pre late,42.25165562913907
491,AE_350,AE_350_7_opto_control_AC.pickle,130,pre late,13.774834437086094
492,AE_350,AE_350_7_opto_control_AC.pickle,159,pre late,6.801346801346801
493,AE_350,AE_350_7_opto_control_AC.pickle,180,pre late,9.801324503311259
494,AE_350,AE_350_7_opto_control_AC.pickle,183,pre late,32.89183222958057
495,AE_350,AE_350_7_opto_control_AC.pickle,198,pre late,39.47019867549669
496,AE_350,AE_350_7_opto_control_AC.pickle,228,pre late,11.962616822429906
497,AE_350,AE_350_7_opto_control_AC.pickle,263,pre late,5.783664459161147
498,AE_350,AE_350_7_opto_control_AC.pickle,279,pre late,5.3863134657836635
499,AE_350,AE_350_7_opto_control_AC.pickle,282,pre late,7.017543859649123
500,AE_350,AE_350_7_opto_control_AC.pickle,290,pre late,22.98245614035088
501,AE_350,AE_350_7_opto_control_AC.pickle,323,pre late,-4.9448123620309055
502,AE_350,AE_350_7_opto_control_AC.pickle,340,pre late,8.344370860927153
503,AE_350,AE_350_7_opto_control_AC.pickle,342,pre late,16.379690949227374
504,AE_350,AE_350_7_opto_control_AC.pickle,344,pre late,6.843267108167771
505,AE_350,AE_350_7_opto_control_AC.pickle,346,pre late,5.562913907284768
506,AE_350,AE_350_7_opto_control_AC.pickle,348,pre late,61.677704194260485
507,AE_350,AE_350_7_opto_control_AC.pickle,355,pre late,47.10816777041943
508,AE_350,AE_350_8_opto_control_AC.pickle,1,pre late,60.906432748538016
509,AE_350,AE_350_8_opto_control_AC.pickle,11,pre late,8.59399684044234
510,AE_350,AE_350_8_opto_control_AC.pickle,45,pre late,26.257309941520464
511,AE_350,AE_350_8_opto_control_AC.pickle,47,pre late,37.92397660818713
512,AE_350,AE_350_8_opto_control_AC.pickle,69,pre late,24.853801169590643
513,AE_350,AE_350_8_opto_control_AC.pickle,72,pre late,38.770949720670394
514,AE_350,AE_350_8_opto_control_AC.pickle,124,pre late,-36.98830409356725
515,AE_350,AE_350_8_opto_control_AC.pickle,151,pre late,72.89473684210526
516,AE_350,AE_350_9_opto_control_AC.pickle,19,pre expert,15.540838852097131
517,AE_350,AE_350_9_opto_control_AC.pickle,27,pre expert,23.80032206119163
518,AE_350,AE_350_9_opto_control_AC.pickle,34,pre expert,27.76167471819646
519,AE_350,AE_350_9_opto_control_AC.pickle,62,pre expert,91.65861513687601
520,AE_350,AE_350_9_opto_control_AC.pickle,75,pre expert,19.74235104669887
521,AE_350,AE_350_9_opto_control_AC.pickle,84,pre expert,8.212560386473431
522,AE_350,AE_350_9_opto_control_AC.pickle,152,pre expert,145.1207729468599
523,AE_350,AE_350_9_opto_control_AC.pickle,157,pre expert,23.800322061191626
524,AE_350,AE_350_9_opto_control_AC.pickle,158,pre expert,11.658615136876007
525,AE_350,AE_350_9_opto_control_AC.pickle,161,pre expert,10.177133655394524
526,AE_350,AE_350_9_opto_control_AC.pickle,165,pre expert,14.80392156862745
527,AE_351,AE_351_1_opto_control_AC.pickle,2,pre early,73.85012919896641
528,AE_351,AE_351_1_opto_control_AC.pickle,31,pre early,72.14470284237726
529,AE_351,AE_351_1_opto_control_AC.pickle,36,pre early,2.532299741602067
530,AE_351,AE_351_1_opto_control_AC.pickle,39,pre early,28.940568475452196
531,AE_351,AE_351_1_opto_control_AC.pickle,47,pre early,-4.496124031007752
532,AE_351,AE_351_1_opto_control_AC.pickle,48,pre early,29.30232558139535
533,AE_351,AE_351_1_opto_control_AC.pickle,54,pre early,23.92764857881137
534,AE_351,AE_351_1_opto_control_AC.pickle,68,pre early,8.21705426356589
535,AE_351,AE_351_1_opto_control_AC.pickle,78,pre early,19.121447028423773
536,AE_351,AE_351_1_opto_control_AC.pickle,125,pre early,13.17829457364341
537,AE_351,AE_351_1_opto_control_AC.pickle,147,pre early,58.96640826873385
538,AE_351,AE_351_1_opto_control_AC.pickle,150,pre early,13.074935400516797
539,AE_351,AE_351_1_opto_control_AC.pickle,152,pre early,5.736434108527132
540,AE_351,AE_351_1_opto_control_AC.pickle,167,pre early,6.718346253229974
541,AE_351,AE_351_1_opto_control_AC.pickle,183,pre early,24.547803617571056
542,AE_351,AE_351_1_opto_control_AC.pickle,190,pre early,-10.144927536231883
543,AE_351,AE_351_1_opto_control_AC.pickle,203,pre early,-4.392764857881137
544,AE_351,AE_351_1_opto_control_AC.pickle,240,pre early,51.93798449612403
545,AE_351,AE_351_1_opto_control_AC.pickle,242,pre early,-4.961240310077519
546,AE_351,AE_351_1_opto_control_AC.pickle,256,pre early,17.51937984496124
547,AE_351,AE_351_1_opto_control_AC.pickle,260,pre early,25.943152454780364
548,AE_351,AE_351_2_opto_control_AC.pickle,21,pre early,18.189845474613687
549,AE_351,AE_351_2_opto_control_AC.pickle,31,pre early,38.8962472406181
550,AE_351,AE_351_2_opto_control_AC.pickle,54,pre early,29.403973509933774
551,AE_351,AE_351_2_opto_control_AC.pickle,116,pre early,14.172185430463577
552,AE_351,AE_351_2_opto_control_AC.pickle,124,pre early,59.911699779249446
553,AE_351,AE_351_2_opto_control_AC.pickle,132,pre early,11.920529801324504
554,AE_351,AE_351_2_opto_control_AC.pickle,133,pre early,19.602649006622517
555,AE_351,AE_351_2_opto_control_AC.pickle,177,pre early,26.578366445916117
556,AE_351,AE_351_2_opto_control_AC.pickle,179,pre early,9.977924944812363
557,AE_351,AE_351_2_opto_control_AC.pickle,186,pre early,14.083885209713026
558,AE_351,AE_351_2_opto_control_AC.pickle,195,pre early,6.269315673289184
559,AE_351,AE_351_2_opto_control_AC.pickle,200,pre early,14.216335540838852
560,AE_351,AE_351_2_opto_control_AC.pickle,245,pre early,-3.0905077262693155
561,AE_351,AE_351_2_opto_control_AC.pickle,261,pre early,13.112582781456954
562,AE_351,AE_351_2_opto_control_AC.pickle,290,pre early,4.751773049645391
563,AE_351,AE_351_2_opto_control_AC.pickle,333,pre early,30.022075055187628
564,AE_351,AE_351_2_opto_control_AC.pickle,335,pre early,12.008830022075053
565,AE_351,AE_351_2_opto_control_AC.pickle,346,pre early,42.25165562913907
566,AE_351,AE_351_2_opto_control_AC.pickle,347,pre early,9.801324503311259
567,AE_351,AE_351_2_opto_control_AC.pickle,348,pre early,6.622516556291391
568,AE_351,AE_351_2_opto_control_AC.pickle,351,pre early,24.370860927152314
569,AE_351,AE_351_3_opto_control_AC.pickle,14,pre early,6.892655367231638
570,AE_351,AE_351_3_opto_control_AC.pickle,17,pre early,23.333333333333332
571,AE_351,AE_351_3_opto_control_AC.pickle,30,pre early,13.898305084745763
572,AE_351,AE_351_3_opto_control_AC.pickle,43,pre early,17.309941520467834
573,AE_351,AE_351_3_opto_control_AC.pickle,45,pre early,47.85310734463277
574,AE_351,AE_351_3_opto_control_AC.pickle,57,pre early,10.0
575,AE_351,AE_351_3_opto_control_AC.pickle,78,pre early,-2.8248587570621475
576,AE_351,AE_351_3_opto_control_AC.pickle,81,pre early,47.740112994350284
577,AE_351,AE_351_3_opto_control_AC.pickle,89,pre early,54.463276836158194
578,AE_351,AE_351_3_opto_control_AC.pickle,90,pre early,18.315789473684212
579,AE_351,AE_351_3_opto_control_AC.pickle,99,pre early,64.51977401129943
580,AE_351,AE_351_3_opto_control_AC.pickle,103,pre early,6.9491525423728815
581,AE_351,AE_351_3_opto_control_AC.pickle,105,pre early,11.299435028248588
582,AE_351,AE_351_3_opto_control_AC.pickle,114,pre early,-4.745762711864405
583,AE_351,AE_351_3_opto_control_AC.pickle,160,pre early,18.870056497175142
584,AE_351,AE_351_3_opto_control_AC.pickle,167,pre early,6.101694915254237
585,AE_351,AE_351_3_opto_control_AC.pickle,168,pre early,5.932203389830512
586,AE_351,AE_351_3_opto_control_AC.pickle,179,pre early,30.847457627118647
587,AE_351,AE_351_3_opto_control_AC.pickle,184,pre early,20.225988700564972
588,AE_351,AE_351_3_opto_control_AC.pickle,186,pre early,7.005649717514125
589,AE_351,AE_351_3_opto_control_AC.pickle,219,pre early,7.373737373737373
590,AE_351,AE_351_3_opto_control_AC.pickle,250,pre early,6.666666666666666
591,AE_351,AE_351_4_opto_control_AC.pickle,40,pre early,-4.330218068535826
592,AE_351,AE_351_4_opto_control_AC.pickle,77,pre early,12.61682242990654
593,AE_351,AE_351_4_opto_control_AC.pickle,101,pre early,-5.194805194805196
594,AE_351,AE_351_4_opto_control_AC.pickle,135,pre early,41.86915887850468
595,AE_351,AE_351_4_opto_control_AC.pickle,145,pre early,8.224299065420562
596,AE_351,AE_351_4_opto_control_AC.pickle,165,pre early,-6.666666666666666
597,AE_351,AE_351_4_opto_control_AC.pickle,172,pre early,5.80392156862745
598,AE_351,AE_351_4_opto_control_AC.pickle,181,pre early,19.595015576323988
599,AE_351,AE_351_4_opto_control_AC.pickle,193,pre early,6.003898635477583
600,AE_351,AE_351_4_opto_control_AC.pickle,195,pre early,-7.50778816199377
601,AE_351,AE_351_4_opto_control_AC.pickle,212,pre early,20.965732087227412
602,AE_351,AE_351_4_opto_control_AC.pickle,248,pre early,10.775193798449612
603,AE_351,AE_351_4_opto_control_AC.pickle,256,pre early,12.090395480225988
604,AE_351,AE_351_4_opto_control_AC.pickle,262,pre early,-0.8722741433021808
605,AE_351,AE_351_4_opto_control_AC.pickle,278,pre early,9.929078014184395
606,AE_351,AE_351_4_opto_control_AC.pickle,296,pre early,0.8722741433021806
607,AE_351,AE_351_4_opto_control_AC.pickle,302,pre early,6.507936507936508
608,AE_351,AE_351_4_opto_control_AC.pickle,344,pre early,44.3613707165109
609,AE_351,AE_351_4_opto_control_AC.pickle,345,pre early,55.7632398753894
610,AE_351,AE_351_4_opto_control_AC.pickle,346,pre early,-21.277258566978198
611,AE_351,AE_351_4_opto_control_AC.pickle,348,pre early,-5.136612021857924
612,AE_351,AE_351_4_opto_control_AC.pickle,356,pre early,-5.209471766848816
613,AE_351,AE_351_4_opto_control_AC.pickle,363,pre early,-4.641744548286605
614,AE_351,AE_351_4_opto_control_AC.pickle,368,pre early,6.246246246246246
615,AE_351,AE_351_4_opto_control_AC.pickle,370,pre early,-2.1183800623052966
616,AE_351,AE_351_4_opto_control_AC.pickle,374,pre early,14.392523364485982
617,AE_351,AE_351_4_opto_control_AC.pickle,376,pre early,6.620689655172415
618,AE_351,AE_351_4_opto_control_AC.pickle,378,pre early,8.81619937694704
619,AE_351,AE_351_4_opto_control_AC.pickle,380,pre early,7.719298245614035
620,AE_351,AE_351_5_opto_control_AC.pickle,11,pre early,10.844444444444445
621,AE_351,AE_351_5_opto_control_AC.pickle,49,pre early,-7.333333333333333
622,AE_351,AE_351_5_opto_control_AC.pickle,59,pre early,15.42222222222222
623,AE_351,AE_351_5_opto_control_AC.pickle,109,pre early,7.4222222222222225
624,AE_351,AE_351_5_opto_control_AC.pickle,112,pre early,10.355555555555556
625,AE_351,AE_351_5_opto_control_AC.pickle,129,pre early,7.155555555555555
626,AE_351,AE_351_5_opto_control_AC.pickle,131,pre early,6.7555555555555555
627,AE_351,AE_351_5_opto_control_AC.pickle,132,pre early,3.1111111111111116
628,AE_351,AE_351_5_opto_control_AC.pickle,135,pre early,-8.133333333333333
629,AE_351,AE_351_5_opto_control_AC.pickle,136,pre early,-14.533333333333339
630,AE_351,AE_351_5_opto_control_AC.pickle,139,pre early,8.97777777777778
631,AE_351,AE_351_5_opto_control_AC.pickle,140,pre early,2.3030303030303023
632,AE_351,AE_351_5_opto_control_AC.pickle,151,pre early,-4.7555555555555555
633,AE_351,AE_351_5_opto_control_AC.pickle,157,pre early,27.866666666666667
634,AE_351,AE_351_5_opto_control_AC.pickle,162,pre early,53.6
635,AE_351,AE_351_5_opto_control_AC.pickle,178,pre early,15.69620253164557
636,AE_351,AE_351_5_opto_control_AC.pickle,180,pre early,17.022222222222222
637,AE_351,AE_351_5_opto_control_AC.pickle,181,pre early,37.733333333333334
638,AE_351,AE_351_5_opto_control_AC.pickle,183,pre early,8.355555555555554
639,AE_351,AE_351_5_opto_control_AC.pickle,197,pre early,10.088888888888889
640,AE_351,AE_351_5_opto_control_AC.pickle,205,pre early,12.755555555555556
641,AE_351,AE_351_5_opto_control_AC.pickle,223,pre early,23.218390804597703
642,AE_351,AE_351_5_opto_control_AC.pickle,235,pre early,22.57777777777778
643,AE_351,AE_351_5_opto_control_AC.pickle,236,pre early,5.014749262536874
644,AE_351,AE_351_5_opto_control_AC.pickle,249,pre early,15.142857142857142
645,AE_351,AE_351_5_opto_control_AC.pickle,277,pre early,10.088888888888889
646,AE_351,AE_351_5_opto_control_AC.pickle,279,pre early,10.977777777777778
647,AE_351,AE_351_5_opto_control_AC.pickle,291,pre early,12.977777777777778
648,AE_351,AE_351_5_opto_control_AC.pickle,296,pre early,12.622222222222222
649,AE_351,AE_351_5_opto_control_AC.pickle,307,pre early,7.68888888888889
650,AE_351,AE_351_5_opto_control_AC.pickle,309,pre early,15.955555555555554
651,AE_351,AE_351_5_opto_control_AC.pickle,316,pre early,55.15555555555556
652,AE_351,AE_351_5_opto_control_AC.pickle,319,pre early,6.755555555555555
653,AE_351,AE_351_6_opto_control_AC.pickle,4,pre early,6.194225721784777
654,AE_351,AE_351_6_opto_control_AC.pickle,10,pre early,-3.161764705882353
655,AE_351,AE_351_6_opto_control_AC.pickle,14,pre early,20.955882352941178
656,AE_351,AE_351_6_opto_control_AC.pickle,17,pre early,-3.308823529411765
657,AE_351,AE_351_6_opto_control_AC.pickle,19,pre early,2.181372549019608
658,AE_351,AE_351_6_opto_control_AC.pickle,24,pre early,11.703703703703702
659,AE_351,AE_351_6_opto_control_AC.pickle,29,pre early,42.57352941176471
660,AE_351,AE_351_6_opto_control_AC.pickle,51,pre early,15.68627450980392
661,AE_351,AE_351_6_opto_control_AC.pickle,59,pre early,29.41176470588235
662,AE_351,AE_351_6_opto_control_AC.pickle,62,pre early,-11.617647058823529
663,AE_351,AE_351_6_opto_control_AC.pickle,102,pre early,6.740196078431372
664,AE_351,AE_351_6_opto_control_AC.pickle,106,pre early,120.90686274509804
665,AE_351,AE_351_6_opto_control_AC.pickle,119,pre early,55.04187604690117
666,AE_351,AE_351_6_opto_control_AC.pickle,124,pre early,44.87943262411348
667,AE_351,AE_351_6_opto_control_AC.pickle,133,pre early,2.818627450980392
668,AE_351,AE_351_6_opto_control_AC.pickle,153,pre early,3.389830508474576
669,AE_351,AE_351_6_opto_control_AC.pickle,170,pre early,-6.102941176470589
670,AE_351,AE_351_6_opto_control_AC.pickle,172,pre early,73.99509803921569
671,AE_351,AE_351_6_opto_control_AC.pickle,180,pre early,-3.9705882352941178
672,AE_351,AE_351_6_opto_control_AC.pickle,186,pre early,20.865800865800868
673,AE_351,AE_351_6_opto_control_AC.pickle,212,pre early,1.3120567375886523
674,AE_351,AE_351_6_opto_control_AC.pickle,260,pre early,4.752791068580542
675,AE_351,AE_351_6_opto_control_AC.pickle,269,pre early,112.72380952380952
676,AE_351,AE_351_6_opto_control_AC.pickle,285,pre early,6.838235294117648
677,AE_351,AE_351_6_opto_control_AC.pickle,286,pre early,-3.212121212121213
678,AE_351,AE_351_6_opto_control_AC.pickle,324,pre early,-10.318627450980394
679,AE_351,AE_351_6_opto_control_AC.pickle,341,pre early,11.223628691983121
680,AE_351,AE_351_7_opto_control_AC.pickle,7,pre early,14.0
681,AE_351,AE_351_7_opto_control_AC.pickle,11,pre early,9.084967320261438
682,AE_351,AE_351_7_opto_control_AC.pickle,36,pre early,14.864197530864196
683,AE_351,AE_351_8_opto_control_AC.pickle,4,pre expert,53.464052287581694
684,AE_351,AE_351_8_opto_control_AC.pickle,9,pre expert,3.5294117647058822
685,AE_351,AE_351_8_opto_control_AC.pickle,10,pre expert,
686,AE_351,AE_351_8_opto_control_AC.pickle,71,pre expert,1.6993464052287583
687,AE_351,AE_351_8_opto_control_AC.pickle,85,pre expert,18.169934640522875
688,AE_351,AE_351_8_opto_control_AC.pickle,113,pre expert,7.712418300653594
689,AE_351,AE_351_8_opto_control_AC.pickle,137,pre expert,51.50326797385621
690,AE_359,AE_359_1_opto_control_AC.pickle,36,pre early,-1.5873015873015874
691,AE_359,AE_359_1_opto_control_AC.pickle,46,pre early,54.76190476190476
692,AE_359,AE_359_1_opto_control_AC.pickle,51,pre early,18.359788359788357
693,AE_359,AE_359_1_opto_control_AC.pickle,56,pre early,4.550264550264551
694,AE_359,AE_359_1_opto_control_AC.pickle,91,pre early,32.77777777777777
695,AE_359,AE_359_1_opto_control_AC.pickle,99,pre early,20.0
696,AE_359,AE_359_1_opto_control_AC.pickle,100,pre early,6.34920634920635
697,AE_359,AE_359_1_opto_control_AC.pickle,101,pre early,34.710144927536234
698,AE_359,AE_359_1_opto_control_AC.pickle,122,pre early,6.236559139784947
699,AE_359,AE_359_1_opto_control_AC.pickle,134,pre early,5.634920634920635
700,AE_359,AE_359_1_opto_control_AC.pickle,176,pre early,11.058201058201055
701,AE_359,AE_359_1_opto_control_AC.pickle,180,pre early,5.052910052910053
702,AE_359,AE_359_2_opto_control_AC.pickle,0,pre early,31.285140562248998
703,AE_359,AE_359_2_opto_control_AC.pickle,50,pre early,-5.421686746987953
704,AE_359,AE_359_2_opto_control_AC.pickle,66,pre early,-7.46987951807229
705,AE_359,AE_359_2_opto_control_AC.pickle,72,pre early,32.463768115942024
706,AE_359,AE_359_2_opto_control_AC.pickle,155,pre early,6.827309236947791
707,AE_359,AE_359_2_opto_control_AC.pickle,192,pre early,-5.421686746987952
708,AE_359,AE_359_2_opto_control_AC.pickle,236,pre early,9.27710843373494
709,AE_359,AE_359_2_opto_control_AC.pickle,256,pre early,8.148148148148149
710,AE_359,AE_359_2_opto_control_AC.pickle,267,pre early,53.53413654618474
711,AE_359,AE_359_2_opto_control_AC.pickle,284,pre early,34.77911646586345
712,AE_359,AE_359_2_opto_control_AC.pickle,290,pre early,-6.666666666666664
713,AE_359,AE_359_2_opto_control_AC.pickle,291,pre early,-4.933333333333334
714,AE_359,AE_359_2_opto_control_AC.pickle,305,pre early,-4.698795180722891
715,AE_359,AE_359_3_opto_control_AC.pickle,76,pre early,33.20594479830149
716,AE_359,AE_359_3_opto_control_AC.pickle,105,pre early,6.8939393939393945
717,AE_359,AE_359_3_opto_control_AC.pickle,159,pre early,6.007326007326007
718,AE_359,AE_359_3_opto_control_AC.pickle,190,pre early,8.02547770700637
719,AE_359,AE_359_3_opto_control_AC.pickle,213,pre early,11.083333333333334
720,AE_359,AE_359_4_opto_control_AC.pickle,75,pre late,34.85714285714286
721,AE_359,AE_359_4_opto_control_AC.pickle,94,pre late,6.545454545454544
722,AE_359,AE_359_4_opto_control_AC.pickle,122,pre late,15.490196078431367
723,AE_359,AE_359_4_opto_control_AC.pickle,173,pre late,42.009803921568626
724,AE_359,AE_359_4_opto_control_AC.pickle,189,pre late,35.78431372549019
725,AE_359,AE_359_4_opto_control_AC.pickle,209,pre late,31.42857142857143
726,AE_359,AE_359_4_opto_control_AC.pickle,210,pre late,4.822695035460994
727,AE_359,AE_359_4_opto_control_AC.pickle,260,pre late,-3.92156862745098
728,AE_359,AE_359_4_opto_control_AC.pickle,264,pre late,22.25
729,AE_359,AE_359_4_opto_control_AC.pickle,266,pre late,7.2058823529411775
730,AE_359,AE_359_5_opto_control_AC.pickle,39,pre late,-8.372093023255816
731,AE_359,AE_359_5_opto_control_AC.pickle,55,pre late,14.387596899224805
732,AE_359,AE_359_5_opto_control_AC.pickle,57,pre late,-6.356589147286821
733,AE_359,AE_359_5_opto_control_AC.pickle,58,pre late,22.542635658914726
734,AE_359,AE_359_5_opto_control_AC.pickle,62,pre late,7.937984496124032
735,AE_359,AE_359_5_opto_control_AC.pickle,80,pre late,8.527131782945736
736,AE_359,AE_359_5_opto_control_AC.pickle,84,pre late,12.496124031007753
737,AE_359,AE_359_5_opto_control_AC.pickle,88,pre late,12.031007751937985
738,AE_359,AE_359_5_opto_control_AC.pickle,93,pre late,45.33333333333333
739,AE_359,AE_359_5_opto_control_AC.pickle,104,pre late,6.976744186046512
740,AE_359,AE_359_5_opto_control_AC.pickle,113,pre late,13.987730061349692
741,AE_359,AE_359_5_opto_control_AC.pickle,120,pre late,6.821705426356589
742,AE_359,AE_359_5_opto_control_AC.pickle,122,pre late,7.5348837209302335
743,AE_359,AE_359_5_opto_control_AC.pickle,126,pre late,7.6899224806201545
744,AE_359,AE_359_5_opto_control_AC.pickle,141,pre late,24.186046511627907
745,AE_359,AE_359_5_opto_control_AC.pickle,154,pre late,6.728682170542636
746,AE_359,AE_359_5_opto_control_AC.pickle,158,pre late,7.619047619047619
747,AE_359,AE_359_5_opto_control_AC.pickle,190,pre late,31.782945736434108
748,AE_359,AE_359_5_opto_control_AC.pickle,192,pre late,7.782945736434107
749,AE_359,AE_359_6_opto_control_AC.pickle,48,pre late,38.51063829787235
750,AE_359,AE_359_6_opto_control_AC.pickle,76,pre late,11.666666666666668
751,AE_359,AE_359_6_opto_control_AC.pickle,84,pre late,12.269503546099289
752,AE_359,AE_359_6_opto_control_AC.pickle,94,pre late,39.11347517730496
753,AE_359,AE_359_6_opto_control_AC.pickle,96,pre late,9.432624113475176
754,AE_359,AE_359_6_opto_control_AC.pickle,107,pre late,11.843971631205672
755,AE_359,AE_359_6_opto_control_AC.pickle,110,pre late,5.902335456475584
756,AE_359,AE_359_6_opto_control_AC.pickle,121,pre late,13.22695035460993
757,AE_359,AE_359_6_opto_control_AC.pickle,146,pre late,-1.1695906432748537
758,AE_359,AE_359_6_opto_control_AC.pickle,147,pre late,9.710144927536232
759,AE_359,AE_359_6_opto_control_AC.pickle,173,pre late,-5.851063829787234
760,AE_359,AE_359_6_opto_control_AC.pickle,174,pre late,8.279569892473118
761,AE_359,AE_359_6_opto_control_AC.pickle,176,pre late,-2.872340425531915
762,AE_359,AE_359_6_opto_control_AC.pickle,182,pre late,6.170212765957448
763,AE_359,AE_359_6_opto_control_AC.pickle,194,pre late,7.836879432624113
764,AE_359,AE_359_7_opto_control_AC.pickle,11,pre expert,27.948717948717945
765,AE_359,AE_359_7_opto_control_AC.pickle,18,pre expert,3.760683760683761
766,AE_359,AE_359_7_opto_control_AC.pickle,34,pre expert,
767,AE_359,AE_359_7_opto_control_AC.pickle,38,pre expert,-11.53846153846154
768,AE_359,AE_359_7_opto_control_AC.pickle,51,pre expert,8.034188034188034
769,AE_359,AE_359_7_opto_control_AC.pickle,83,pre expert,26.495726495726498
770,AE_359,AE_359_7_opto_control_AC.pickle,86,pre expert,6.752136752136753
771,AE_359,AE_359_7_opto_control_AC.pickle,120,pre expert,55.38461538461539
772,AE_359,AE_359_7_opto_control_AC.pickle,123,pre expert,
773,AE_367,AE_367_1_opto_AC.pickle,12,1,2.352941176470588
774,AE_367,AE_367_1_opto_AC.pickle,17,1,11.215686274509803
775,AE_367,AE_367_1_opto_AC.pickle,18,1,23.92156862745098
776,AE_367,AE_367_1_opto_AC.pickle,30,1,17.725490196078432
777,AE_367,AE_367_1_opto_AC.pickle,35,1,75.29411764705881
778,AE_367,AE_367_1_opto_AC.pickle,107,1,13.019607843137255
779,AE_367,AE_367_1_opto_AC.pickle,108,1,21.88235294117647
780,AE_367,AE_367_1_opto_AC.pickle,115,1,-4.1568627450980395
781,AE_367,AE_367_1_opto_AC.pickle,146,1,17.62962962962963
782,AE_367,AE_367_1_opto_AC.pickle,151,1,14.411764705882353
783,AE_367,AE_367_1_opto_AC.pickle,168,1,32.86274509803921
784,AE_367,AE_367_1_opto_AC.pickle,170,1,13.882352941176471
785,AE_367,AE_367_1_opto_AC.pickle,172,1,13.725490196078432
786,AE_367,AE_367_1_opto_AC.pickle,173,1,-6.352941176470589
787,AE_367,AE_367_1_opto_AC.pickle,178,1,2.352941176470588
788,AE_367,AE_367_1_opto_AC.pickle,180,1,45.02564102564103
789,AE_367,AE_367_3_opto_AC.pickle,34,1,14.059405940594061
790,AE_367,AE_367_3_opto_AC.pickle,40,1,32.67326732673267
791,AE_367,AE_367_3_opto_AC.pickle,45,1,12.619047619047619
792,AE_367,AE_367_3_opto_AC.pickle,52,1,4.092409240924093
793,AE_367,AE_367_3_opto_AC.pickle,59,1,8.184818481848186
794,AE_367,AE_367_3_opto_AC.pickle,60,1,6.270627062706269
795,AE_367,AE_367_3_opto_AC.pickle,90,1,6.138613861386138
796,AE_367,AE_367_3_opto_AC.pickle,98,1,2.7062706270627057
797,AE_367,AE_367_3_opto_AC.pickle,115,1,18.151815181518153
798,AE_367,AE_367_3_opto_AC.pickle,157,1,15.529411764705884
799,AE_367,AE_367_3_opto_AC.pickle,213,1,-2.5742574257425748
800,AE_367,AE_367_3_opto_AC.pickle,237,1,6.270627062706268
801,AE_367,AE_367_4_opto_AC.pickle,16,2,9.965635738831615
802,AE_367,AE_367_4_opto_AC.pickle,30,2,63.69477911646587
803,AE_367,AE_367_4_opto_AC.pickle,36,2,3.153153153153154
804,AE_367,AE_367_4_opto_AC.pickle,80,2,9.278350515463917
805,AE_367,AE_367_4_opto_AC.pickle,81,2,2.6217228464419473
806,AE_367,AE_367_4_opto_AC.pickle,83,2,11.890034364261167
807,AE_367,AE_367_4_opto_AC.pickle,98,2,27.272727272727273
808,AE_367,AE_367_5_opto_AC.pickle,9,2,21.20481927710843
809,AE_367,AE_367_5_opto_AC.pickle,15,2,44.8995983935743
810,AE_367,AE_367_5_opto_AC.pickle,16,2,-12.289156626506024
811,AE_367,AE_367_5_opto_AC.pickle,40,2,25.863453815261046
812,AE_367,AE_367_5_opto_AC.pickle,54,2,24.176706827309236
813,AE_367,AE_367_5_opto_AC.pickle,115,2,19.437751004016064
814,AE_367,AE_367_5_opto_AC.pickle,148,2,4.016064257028112
815,AE_367,AE_367_5_opto_AC.pickle,153,2,5.783132530120483
816,AE_367,AE_367_5_opto_AC.pickle,160,2,6.104417670682731
817,AE_367,AE_367_5_opto_AC.pickle,161,2,3.597883597883598
818,AE_367,AE_367_5_opto_AC.pickle,168,2,2.4691358024691357
819,AE_367,AE_367_5_opto_AC.pickle,175,2,11.144278606965175
820,AE_367,AE_367_5_opto_AC.pickle,188,2,53.45679012345679
821,AE_367,AE_367_5_opto_AC.pickle,193,2,70.2439024390244
822,AE_367,AE_367_5_opto_AC.pickle,194,2,8.273092369477913
823,AE_367,AE_367_5_opto_AC.pickle,203,2,6.42570281124498
824,AE_367,AE_367_6_opto_AC.pickle,11,2,76.26666666666667
825,AE_367,AE_367_6_opto_AC.pickle,14,2,4.622222222222222
826,AE_367,AE_367_6_opto_AC.pickle,26,2,91.82222222222222
827,AE_367,AE_367_6_opto_AC.pickle,27,2,28.686868686868685
828,AE_367,AE_367_6_opto_AC.pickle,29,2,85.42222222222223
829,AE_367,AE_367_6_opto_AC.pickle,30,2,53.599999999999994
830,AE_367,AE_367_6_opto_AC.pickle,32,2,160.53333333333333
831,AE_367,AE_367_6_opto_AC.pickle,33,2,13.51111111111111
832,AE_367,AE_367_8_opto_AC.pickle,12,3,21.24031007751938
833,AE_367,AE_367_8_opto_AC.pickle,13,3,5.526315789473683
834,AE_367,AE_367_8_opto_AC.pickle,15,3,-2.1538461538461537
835,AE_367,AE_367_8_opto_AC.pickle,16,3,96.06060606060606
836,AE_367,AE_367_8_opto_AC.pickle,64,3,6.666666666666667
837,AE_367,AE_367_8_opto_AC.pickle,69,3,32.881355932203384
838,AE_367,AE_367_9_opto_AC.pickle,49,3,6.341463414634147
839,AE_367,AE_367_9_opto_AC.pickle,57,3,13.495934959349594
840,AE_418,AE_418_1_opto_control_AC.pickle,44,pre early,12.222222222222223
841,AE_418,AE_418_1_opto_control_AC.pickle,107,pre early,6.778398510242086
842,AE_418,AE_418_1_opto_control_AC.pickle,125,pre early,9.23694779116466
843,AE_418,AE_418_1_opto_control_AC.pickle,127,pre early,20.756013745704468
844,AE_418,AE_418_1_opto_control_AC.pickle,157,pre early,14.540229885057471
845,AE_418,AE_418_2_opto_control_AC.pickle,11,pre early,12.356321839080458
846,AE_418,AE_418_2_opto_control_AC.pickle,94,pre early,11.666666666666666
847,AE_418,AE_418_2_opto_control_AC.pickle,106,pre early,107.41379310344828
848,AE_418,AE_418_2_opto_control_AC.pickle,140,pre early,7.909604519774012
849,AE_418,AE_418_2_opto_control_AC.pickle,143,pre early,-4.597701149425287
850,AE_418,AE_418_3_opto_control_AC.pickle,19,pre late,19.305555555555557
851,AE_418,AE_418_3_opto_control_AC.pickle,24,pre late,8.617886178861788
852,AE_418,AE_418_3_opto_control_AC.pickle,51,pre late,-7.5
853,AE_418,AE_418_3_opto_control_AC.pickle,56,pre late,17.685185185185183
854,AE_418,AE_418_3_opto_control_AC.pickle,65,pre late,-7.777777777777777
855,AE_418,AE_418_3_opto_control_AC.pickle,77,pre late,23.92156862745098
856,AE_418,AE_418_3_opto_control_AC.pickle,155,pre late,-3.888888888888889
857,AE_418,AE_418_3_opto_control_AC.pickle,173,pre late,10.507246376811596
858,AE_418,AE_418_4_opto_control_AC.pickle,22,pre expert,-2.9411764705882355
859,AE_418,AE_418_4_opto_control_AC.pickle,32,pre expert,21.56862745098038
860,AE_418,AE_418_4_opto_control_AC.pickle,37,pre expert,-0.5882352941176471
861,AE_418,AE_418_4_opto_control_AC.pickle,56,pre expert,12.549019607843137
862,AE_418,AE_418_4_opto_control_AC.pickle,63,pre expert,1.7647058823529413
863,AE_418,AE_418_4_opto_control_AC.pickle,65,pre expert,16.862745098039216
864,AE_418,AE_418_4_opto_control_AC.pickle,98,pre expert,60.58823529411765
865,AE_418,AE_418_4_opto_control_AC.pickle,108,pre expert,41.9607843137255
866,AE_418,AE_418_4_opto_control_AC.pickle,127,pre expert,3.725490196078431
867,AE_418,AE_418_4_opto_control_AC.pickle,139,pre expert,-3.5294117647058827
868,AE_418,AE_418_4_opto_control_AC.pickle,140,pre expert,17.45098039215686
869,AE_418,AE_418_4_opto_control_AC.pickle,146,pre expert,11.568627450980392
870,AE_418,AE_418_4_opto_control_AC.pickle,148,pre expert,7.254901960784315
871,AE_418,AE_418_4_opto_control_AC.pickle,151,pre expert,34.31372549019608
872,AE_418,AE_418_4_opto_control_AC.pickle,153,pre expert,-6.470588235294118
873,AE_418,AE_418_4_opto_control_AC.pickle,170,pre expert,6.07843137254902
874,AE_418,AE_418_4_opto_control_AC.pickle,185,pre expert,57.05882352941177
875,AE_418,AE_418_5_opto_control_AC.pickle,14,pre expert,11.76470588235294
876,AE_418,AE_418_5_opto_control_AC.pickle,25,pre expert,10.718954248366012
877,AE_418,AE_418_5_opto_control_AC.pickle,26,pre expert,8.88888888888889
878,AE_418,AE_418_5_opto_control_AC.pickle,30,pre expert,53.98692810457516
879,AE_418,AE_418_5_opto_control_AC.pickle,36,pre expert,5.882352941176471
880,AE_418,AE_418_5_opto_control_AC.pickle,45,pre expert,91.37254901960783
881,AE_418,AE_418_5_opto_control_AC.pickle,64,pre expert,-3.6601307189542487
882,AE_418,AE_418_5_opto_control_AC.pickle,75,pre expert,
883,AE_418,AE_418_5_opto_control_AC.pickle,81,pre expert,53.98692810457516
884,AE_418,AE_418_5_opto_control_AC.pickle,95,pre expert,34.64052287581699
885,AE_418,AE_418_5_opto_control_AC.pickle,96,pre expert,-14.379084967320264
886,AE_418,AE_418_5_opto_control_AC.pickle,97,pre expert,5.4901960784313735
887,AE_418,AE_418_5_opto_control_AC.pickle,101,pre expert,36.60130718954248
888,AE_418,AE_418_5_opto_control_AC.pickle,113,pre expert,15.163398692810457
889,AE_418,AE_418_5_opto_control_AC.pickle,114,pre expert,15.294117647058822
890,AE_418,AE_418_5_opto_control_AC.pickle,120,pre expert,-3.5294117647058822
891,AE_418,AE_418_5_opto_control_AC.pickle,122,pre expert,33.4640522875817
892,AE_418,AE_418_5_opto_control_AC.pickle,127,pre expert,
893,AE_418,AE_418_5_opto_control_AC.pickle,137,pre expert,17.516339869281047
894,AE_418,AE_418_5_opto_control_AC.pickle,146,pre expert,19.73856209150327
895,AE_418,AE_418_5_opto_control_AC.pickle,148,pre expert,17.64705882352941
896,AE_418,AE_418_5_opto_control_AC.pickle,150,pre expert,4.183006535947713
897,AE_418,AE_418_5_opto_control_AC.pickle,157,pre expert,
898,AE_418,AE_418_5_opto_control_AC.pickle,160,pre expert,4.705882352941177
899,AE_418,AE_418_5_opto_control_AC.pickle,172,pre expert,
900,AE_418,AE_418_5_opto_control_AC.pickle,181,pre expert,-3.2679738562091507
901,AE_418,AE_418_5_opto_control_AC.pickle,182,pre expert,27.450980392156865
902,AE_498,AE_498_1_opto_control_AC.pickle,16,pre early,15.032679738562091
903,AE_498,AE_498_1_opto_control_AC.pickle,100,pre early,35.52287581699346
904,AE_498,AE_498_1_opto_control_AC.pickle,146,pre early,-2.1895424836601305
905,AE_498,AE_498_1_opto_control_AC.pickle,152,pre early,6.222222222222222
906,AE_498,AE_498_1_opto_control_AC.pickle,225,pre early,41.50326797385621
907,AE_498,AE_498_1_opto_control_AC.pickle,313,pre early,-7.712418300653596
908,AE_498,AE_498_1_opto_control_AC.pickle,316,pre early,32.916666666666664
909,AE_498,AE_498_2_opto_control_AC.pickle,61,pre late,29.28709055876686
910,AE_498,AE_498_2_opto_control_AC.pickle,81,pre late,17.378277153558052
911,AE_498,AE_498_2_opto_control_AC.pickle,100,pre late,18.674698795180724
912,AE_498,AE_498_2_opto_control_AC.pickle,107,pre late,11.093333333333334
913,AE_498,AE_498_2_opto_control_AC.pickle,240,pre late,-7.039999999999999
914,AE_498,AE_498_3_opto_control_AC.pickle,112,pre late,-5.797101449275362
915,AE_498,AE_498_3_opto_control_AC.pickle,116,pre late,5.434782608695652
916,AE_498,AE_498_3_opto_control_AC.pickle,247,pre late,6.093189964157707
917,AE_498,AE_498_3_opto_control_AC.pickle,293,pre late,13.586956521739129
918,AE_498,AE_498_4_opto_control_AC.pickle,68,pre expert,
919,AE_498,AE_498_4_opto_control_AC.pickle,72,pre expert,46.93877551020409
920,AE_498,AE_498_4_opto_control_AC.pickle,88,pre expert,21.224489795918366
921,AE_498,AE_498_4_opto_control_AC.pickle,96,pre expert,14.829931972789115
922,AE_498,AE_498_4_opto_control_AC.pickle,126,pre expert,
923,AE_498,AE_498_4_opto_control_AC.pickle,229,pre expert,-5.85034013605442
924,AE_498,AE_498_4_opto_control_AC.pickle,236,pre expert,13.469387755102034
925,AE_498,AE_498_4_opto_control_AC.pickle,285,pre expert,12.517006802721088
926,AE_498,AE_498_4_opto_control_AC.pickle,291,pre expert,9.115646258503402
927,AE_498,AE_498_4_opto_control_AC.pickle,295,pre expert,
928,AE_498,AE_498_4_opto_control_AC.pickle,299,pre expert,
929,AE_498,AE_498_5_opto_control_AC.pickle,69,pre expert,21.46572104018912
930,AE_498,AE_498_5_opto_control_AC.pickle,73,pre expert,54.184397163120565
931,AE_498,AE_498_5_opto_control_AC.pickle,74,pre expert,42.78959810874704
932,AE_498,AE_498_5_opto_control_AC.pickle,99,pre expert,61.56028368794326
933,AE_498,AE_498_5_opto_control_AC.pickle,159,pre expert,21.040189125295512
934,AE_498,AE_498_5_opto_control_AC.pickle,162,pre expert,9.268292682926829
935,AE_498,AE_498_5_opto_control_AC.pickle,169,pre expert,25.768321513002363
936,AE_498,AE_498_5_opto_control_AC.pickle,171,pre expert,15.839243498817966
937,AE_498,AE_498_5_opto_control_AC.pickle,172,pre expert,6.477541371158392
938,AE_498,AE_498_5_opto_control_AC.pickle,173,pre expert,19.674796747967477
939,AE_498,AE_498_5_opto_control_AC.pickle,192,pre expert,29.314420803782507
940,AE_498,AE_498_5_opto_control_AC.pickle,207,pre expert,8.680555555555555
941,AE_498,AE_498_5_opto_control_AC.pickle,208,pre expert,7.891156462585033
942,AE_498,AE_498_5_opto_control_AC.pickle,257,pre expert,13.333333333333334
943,AE_498,AE_498_5_opto_control_AC.pickle,274,pre expert,22.88416075650118
944,AE_498,AE_498_5_opto_control_AC.pickle,275,pre expert,-9.55082742316785
945,AE_498,AE_498_5_opto_control_AC.pickle,276,pre expert,-5.342789598108747
946,AE_498,AE_498_5_opto_control_AC.pickle,277,pre expert,8.416075650118202
947,AE_498,AE_498_5_opto_control_AC.pickle,279,pre expert,-5.295508274231679
948,AE_498,AE_498_5_opto_control_AC.pickle,292,pre expert,41.38461538461539
