,animal,session,cluster ID,exposure phase,FR modulation
0,TH_234,TH_234_4_passive_AC.pickle,26,3,2.69681742043551
1,TH_234,TH_234_4_passive_AC.pickle,28,3,2.345058626465664
2,TH_234,TH_234_4_passive_AC.pickle,30,3,0.8925318761384334
3,TH_234,TH_234_4_passive_AC.pickle,60,3,3.718592964824123
4,TH_234,TH_234_4_passive_AC.pickle,63,3,1.6431924882629103
5,TH_234,TH_234_4_passive_AC.pickle,73,3,25.64489112227805
6,TH_234,TH_234_4_passive_AC.pickle,91,3,3.0150753768844227
7,TH_234,TH_234_4_passive_AC.pickle,97,3,13.065326633165824
8,TH_234,TH_234_4_passive_AC.pickle,110,3,2.1443736730360934
9,TH_230,TH_230_4_passive_AC.pickle,1,6,1.6473616473616473
10,TH_230,TH_230_4_passive_AC.pickle,9,6,2.345058626465663
11,TH_230,TH_230_4_passive_AC.pickle,25,6,7.319932998324958
12,TH_230,TH_230_4_passive_AC.pickle,89,6,8.8135593220339
13,TH_230,TH_230_4_passive_AC.pickle,98,6,10.95115681233933
14,TH_230,TH_230_4_passive_AC.pickle,121,6,15.208333333333336
15,TH_230,TH_230_4_passive_AC.pickle,126,6,2.736842105263158
16,TH_230,TH_230_4_passive_AC.pickle,136,6,5.246913580246914
17,TH_230,TH_230_4_passive_AC.pickle,142,6,3.63076923076923
18,TH_230,TH_230_4_passive_AC.pickle,164,6,1.7525773195876286
19,TH_230,TH_230_4_passive_AC.pickle,165,6,6.752799310938846
20,TH_230,TH_230_4_passive_AC.pickle,168,6,2.2975517890772137
21,TH_230,TH_230_4_passive_AC.pickle,184,6,3.5678391959798965
22,TH_230,TH_230_4_passive_AC.pickle,202,6,3.3082706766917287
23,TH_230,TH_230_4_passive_AC.pickle,217,6,1.6176470588235294
24,TH_230,TH_230_4_passive_AC.pickle,218,6,3.743078626799556
25,TH_230,TH_230_4_passive_AC.pickle,229,6,0.8130081300813008
26,TH_230,TH_230_4_passive_AC.pickle,231,6,1.7916666666666665
27,TH_230,TH_230_4_passive_AC.pickle,232,6,11.482433590402742
28,TH_230,TH_230_4_passive_AC.pickle,260,6,0.634920634920635
29,TH_230,TH_230_4_passive_AC.pickle,290,6,1.5399061032863848
30,TH_230,TH_230_4_passive_AC.pickle,296,6,3.251141552511416
31,TH_230,TH_230_4_passive_AC.pickle,298,6,13.886097152428816
32,TH_230,TH_230_4_passive_AC.pickle,311,6,5.996649916247908
33,TH_230,TH_230_4_passive_AC.pickle,312,6,10.311750599520382
34,TH_230,TH_230_4_passive_AC.pickle,318,6,1.1382113821138211
35,TH_230,TH_230_3_passive_AC.pickle,8,6,59.91624790619761
36,TH_230,TH_230_3_passive_AC.pickle,9,6,2.4120603015075375
37,TH_230,TH_230_3_passive_AC.pickle,12,6,64.82412060301507
38,TH_230,TH_230_3_passive_AC.pickle,14,6,37.27272727272727
39,TH_230,TH_230_3_passive_AC.pickle,15,6,44.321608040201035
40,TH_230,TH_230_3_passive_AC.pickle,24,6,25.57788944723618
41,TH_230,TH_230_3_passive_AC.pickle,33,6,21.256281407035168
42,TH_230,TH_230_3_passive_AC.pickle,43,6,15.71600481347774
43,TH_230,TH_230_3_passive_AC.pickle,49,6,35.41038525963152
44,TH_230,TH_230_3_passive_AC.pickle,50,6,2.8810720268006684
45,TH_230,TH_230_3_passive_AC.pickle,55,6,3.0653266331658267
46,TH_230,TH_230_3_passive_AC.pickle,58,6,5.363984674329504
47,TH_230,TH_230_3_passive_AC.pickle,70,6,4.673366834170856
48,TH_230,TH_230_3_passive_AC.pickle,76,6,16.81742043551089
49,TH_230,TH_230_3_passive_AC.pickle,78,6,5.678391959798995
50,TH_230,TH_230_3_passive_AC.pickle,81,6,26.415410385259637
51,TH_230,TH_230_3_passive_AC.pickle,84,6,3.2058287795992717
52,TH_230,TH_230_3_passive_AC.pickle,92,6,0.8877721943048578
53,TH_230,TH_230_3_passive_AC.pickle,95,6,1.6582914572864367
54,TH_230,TH_230_3_passive_AC.pickle,97,6,4.0368509212730315
55,TH_230,TH_230_2_passive_AC.pickle,0,6,48.442211055276374
56,TH_230,TH_230_2_passive_AC.pickle,8,6,2.261306532663316
57,TH_230,TH_230_2_passive_AC.pickle,33,6,5.812395309882747
58,TH_230,TH_230_2_passive_AC.pickle,34,6,4.807370184254614
59,TH_230,TH_230_2_passive_AC.pickle,42,6,36.04690117252936
60,TH_230,TH_230_2_passive_AC.pickle,53,6,2.270742358078602
61,TH_230,TH_230_2_passive_AC.pickle,66,6,2.339181286549708
62,TH_230,TH_230_2_passive_AC.pickle,69,6,1.2395309882747074
63,TH_230,TH_230_2_passive_AC.pickle,72,6,51.80904522613064
64,TH_230,TH_230_2_passive_AC.pickle,73,6,8.375209380234512
65,TH_230,TH_230_2_passive_AC.pickle,80,6,108.4757118927973
66,TH_230,TH_230_2_passive_AC.pickle,92,6,13.417085427135676
67,TH_230,TH_230_2_passive_AC.pickle,101,6,8.978224455611398
68,TH_230,TH_230_2_passive_AC.pickle,134,6,14.38860971524289
69,TH_230,TH_230_2_passive_AC.pickle,136,6,12.060301507537682
70,TH_230,TH_230_2_passive_AC.pickle,137,6,2.9648241206030153
71,TH_230,TH_230_2_passive_AC.pickle,146,6,3.6180904522613067
72,TH_230,TH_230_2_passive_AC.pickle,148,6,1.4572864321608041
73,TH_230,TH_230_2_passive_AC.pickle,149,6,22.847571189279744
74,TH_230,TH_230_2_passive_AC.pickle,155,6,2.2589531680440804
75,TH_230,TH_230_2_passive_AC.pickle,159,6,3.6348408710217774
76,TH_230,TH_230_2_passive_AC.pickle,161,6,11.139028475711893
77,TH_230,TH_230_2_passive_AC.pickle,165,6,0.7017543859649125
78,TH_230,TH_230_2_passive_AC.pickle,166,6,5.400372439478582
79,TH_230,TH_230_2_passive_AC.pickle,168,6,8.75
80,TH_230,TH_230_2_passive_AC.pickle,169,6,0.9366391184573003
81,TH_230,TH_230_2_passive_AC.pickle,171,6,31.943048576214448
82,TH_230,TH_230_2_passive_AC.pickle,172,6,1.5242881072026802
83,TH_230,TH_230_2_passive_AC.pickle,173,6,1.5809523809523807
84,TH_230,TH_230_2_passive_AC.pickle,183,6,2.495812395309882
85,TH_230,TH_230_2_passive_AC.pickle,184,6,7.131313131313133
86,TH_230,TH_230_2_passive_AC.pickle,187,6,4.237855946398663
87,TH_230,TH_230_2_passive_AC.pickle,191,6,3.6683417085427146
88,TH_230,TH_230_2_passive_AC.pickle,192,6,3.574074074074072
89,TH_230,TH_230_2_passive_AC.pickle,197,6,0.7664884135472368
90,TH_230,TH_230_2_passive_AC.pickle,198,6,0.9882747068676709
91,TH_230,TH_230_2_passive_AC.pickle,200,6,8.25520833333333
92,TH_233,TH_233_2_passive_AC.pickle,1,2,36.04690117252936
93,TH_233,TH_233_2_passive_AC.pickle,14,2,4.924623115577891
94,TH_233,TH_233_2_passive_AC.pickle,16,2,4.5833333333333375
95,TH_233,TH_233_2_passive_AC.pickle,20,2,5.259631490787265
96,TH_233,TH_233_2_passive_AC.pickle,22,2,1.2461059190031156
97,TH_233,TH_233_2_passive_AC.pickle,24,2,7.2361809045226195
98,TH_233,TH_233_2_passive_AC.pickle,36,2,1.7708333333333328
99,TH_233,TH_233_2_passive_AC.pickle,41,2,0.8009422850412248
100,TH_233,TH_233_2_passive_AC.pickle,43,2,1.321321321321322
101,TH_233,TH_233_2_passive_AC.pickle,48,2,0.9523809523809528
102,TH_233,TH_233_2_passive_AC.pickle,60,2,0.9615384615384616
103,TH_233,TH_233_2_passive_AC.pickle,71,2,2.0272904483430803
104,TH_233,TH_233_2_passive_AC.pickle,86,2,15.979899497487432
105,TH_233,TH_233_2_passive_AC.pickle,95,2,7.340823970037452
106,TH_233,TH_233_2_passive_AC.pickle,99,2,0.5236656596173211
107,TH_233,TH_233_2_passive_AC.pickle,103,2,1.182033096926714
108,TH_233,TH_233_2_passive_AC.pickle,104,2,0.5925925925925924
109,TH_233,TH_233_2_passive_AC.pickle,113,2,36.93262411347518
110,TH_233,TH_233_2_passive_AC.pickle,132,2,11.406096361848576
111,TH_233,TH_233_2_passive_AC.pickle,133,2,14.757118927973194
112,TH_233,TH_233_2_passive_AC.pickle,135,2,2.1296296296296293
113,TH_233,TH_233_2_passive_AC.pickle,150,2,0.7370184254606362
114,TH_233,TH_233_2_passive_AC.pickle,158,2,0.887772194304858
115,TH_233,TH_233_2_passive_AC.pickle,163,2,9.396984924623117
116,TH_233,TH_233_2_passive_AC.pickle,169,2,14.438860971524285
117,TH_233,TH_233_2_passive_AC.pickle,172,2,7.956448911222794
118,TH_233,TH_233_2_passive_AC.pickle,175,2,1.5111111111111106
119,TH_233,TH_233_2_passive_AC.pickle,177,2,10.11725293132328
120,TH_233,TH_233_2_passive_AC.pickle,180,2,1.6352201257861636
121,TH_233,TH_233_2_passive_AC.pickle,182,2,4.684684684684685
122,TH_233,TH_233_2_passive_AC.pickle,184,2,13.803680981595091
123,TH_233,TH_233_2_passive_AC.pickle,188,2,3.992015968063876
124,TH_233,TH_233_2_passive_AC.pickle,199,2,2.274774774774775
125,TH_233,TH_233_2_passive_AC.pickle,201,2,1.4562002275312853
126,TH_233,TH_233_2_passive_AC.pickle,203,2,0.9000000000000001
127,TH_233,TH_233_2_passive_AC.pickle,207,2,5.699999999999999
128,TH_233,TH_233_2_passive_AC.pickle,208,2,19.530988274706896
129,TH_233,TH_233_2_passive_AC.pickle,215,2,10.323809523809517
130,AE_294,AE_294_4_passive_AC.pickle,0,4,4.371859296482414
131,AE_294,AE_294_4_passive_AC.pickle,9,4,2.7805695142378544
132,AE_294,AE_294_4_passive_AC.pickle,10,4,5.6616415410385255
133,AE_294,AE_294_4_passive_AC.pickle,84,4,2.522522522522523
134,AE_294,AE_294_4_passive_AC.pickle,110,4,25.326633165829158
135,AE_294,AE_294_4_passive_AC.pickle,114,4,6.281407035175881
136,AE_294,AE_294_4_passive_AC.pickle,118,4,2.2278056951423784
137,AE_294,AE_294_4_passive_AC.pickle,121,4,1.9512195121951232
138,AE_294,AE_294_4_passive_AC.pickle,128,4,26.800670016750413
139,AE_294,AE_294_4_passive_AC.pickle,132,4,8.184615384615386
140,AE_294,AE_294_4_passive_AC.pickle,140,4,8.65185185185185
141,AE_294,AE_294_4_passive_AC.pickle,190,4,9.179229480737026
142,AE_294,AE_294_4_passive_AC.pickle,203,4,1.858974358974359
143,AE_294,AE_294_4_passive_AC.pickle,221,4,2.9480737018425462
144,AE_294,AE_294_4_passive_AC.pickle,225,4,0.34428794992175293
145,AE_294,AE_294_4_passive_AC.pickle,243,4,0.8045977011494254
146,AE_294,AE_294_4_passive_AC.pickle,247,4,0.9612403100775199
147,AE_294,AE_294_4_passive_AC.pickle,253,4,53.383584589614706
148,AE_229,AE_229_7_passive_AC.pickle,8,6,6.968174204355108
149,AE_229,AE_229_7_passive_AC.pickle,13,6,4.67105263157895
150,AE_229,AE_229_7_passive_AC.pickle,15,6,1.4930555555555542
151,AE_229,AE_229_7_passive_AC.pickle,16,6,5.919778699861687
152,AE_229,AE_229_7_passive_AC.pickle,33,6,23.04635761589404
153,AE_229,AE_229_7_passive_AC.pickle,35,6,3.734249713631158
154,AE_229,AE_229_7_passive_AC.pickle,39,6,10.353200883002211
155,AE_229,AE_229_7_passive_AC.pickle,43,6,0.49945711183496194
156,AE_229,AE_229_7_passive_AC.pickle,44,6,32.74509803921568
157,AE_229,AE_229_7_passive_AC.pickle,50,6,1.3065326633165846
158,AE_229,AE_229_7_passive_AC.pickle,52,6,25.159128978224444
159,AE_229,AE_229_7_passive_AC.pickle,53,6,3.3780760626398165
160,AE_229,AE_229_7_passive_AC.pickle,55,6,8.408710217755454
161,AE_229,AE_229_7_passive_AC.pickle,57,6,1.0223642172523961
162,AE_229,AE_229_7_passive_AC.pickle,63,6,4.40536013400336
163,AE_229,AE_229_7_passive_AC.pickle,69,6,0.7407407407407408
164,AE_229,AE_229_7_passive_AC.pickle,73,6,2.4060150375939835
165,AE_229,AE_229_7_passive_AC.pickle,74,6,7.606461086637298
166,AE_229,AE_229_7_passive_AC.pickle,75,6,0.7782101167315172
167,AE_229,AE_229_7_passive_AC.pickle,81,6,0.5919003115264798
168,AE_229,AE_229_7_passive_AC.pickle,88,6,3.1155778894472355
169,AE_229,AE_229_7_passive_AC.pickle,90,6,2.5702811244979893
170,AE_229,AE_229_7_passive_AC.pickle,103,6,18.032128514056204
171,AE_229,AE_229_7_passive_AC.pickle,104,6,0.7968901846452866
172,AE_229,AE_229_7_passive_AC.pickle,105,6,19.296482412060293
173,AE_229,AE_229_7_passive_AC.pickle,107,6,8.679962013295356
174,AE_229,AE_229_7_passive_AC.pickle,110,6,10.048590864917413
175,AE_229,AE_229_7_passive_AC.pickle,113,6,1.321499013806707
176,AE_229,AE_229_7_passive_AC.pickle,130,6,1.3592233009708747
177,AE_229,AE_229_7_passive_AC.pickle,151,6,0.9212730318257965
178,AE_229,AE_229_7_passive_AC.pickle,152,6,2.3264907135874853
179,AE_229,AE_229_7_passive_AC.pickle,154,6,15.963718820861674
180,AE_229,AE_229_7_passive_AC.pickle,157,6,26.389610389610393
181,AE_229,AE_229_7_passive_AC.pickle,163,6,3.0769230769230775
182,AE_229,AE_229_7_passive_AC.pickle,172,6,2.933333333333333
183,AE_229,AE_229_7_passive_AC.pickle,173,6,1.1894882434301517
184,TH_203,TH_203_3_passive_AC.pickle,9,1,2.546063651591293
185,TH_203,TH_203_3_passive_AC.pickle,17,1,1.9522326064382132
186,TH_203,TH_203_3_passive_AC.pickle,20,1,1.1406844106463878
187,TH_203,TH_203_3_passive_AC.pickle,26,1,9.279731993299842
188,TH_203,TH_203_3_passive_AC.pickle,27,1,0.8519701810436638
189,TH_203,TH_203_3_passive_AC.pickle,38,1,1.7222222222222223
190,TH_203,TH_203_3_passive_AC.pickle,47,1,7.018425460636511
191,TH_203,TH_203_3_passive_AC.pickle,50,1,1.0379241516966087
192,TH_203,TH_203_3_passive_AC.pickle,57,1,1.1199999999999992
193,TH_203,TH_203_3_passive_AC.pickle,124,1,1.2181616832779631
194,TH_203,TH_203_3_passive_AC.pickle,127,1,4.539363484087102
195,TH_203,TH_203_3_passive_AC.pickle,128,1,3.785594639865993
196,AE_229,AE_229_2_passive_AC.pickle,16,6,1.7852161785216174
197,AE_229,AE_229_2_passive_AC.pickle,35,6,1.6969696969696972
198,AE_229,AE_229_2_passive_AC.pickle,42,6,18.30820770519263
199,AE_229,AE_229_2_passive_AC.pickle,59,6,1.9008264462809914
200,AE_229,AE_229_2_passive_AC.pickle,66,6,1.993299832495813
201,AE_229,AE_229_2_passive_AC.pickle,79,6,4.757118927973195
202,AE_229,AE_229_2_passive_AC.pickle,82,6,3.651591289782246
203,AE_229,AE_229_2_passive_AC.pickle,88,6,0.9212730318257961
204,AE_229,AE_229_2_passive_AC.pickle,97,6,0.39716312056737574
205,AE_229,AE_229_2_passive_AC.pickle,108,6,0.938023450586265
206,AE_229,AE_229_2_passive_AC.pickle,115,6,0.6532663316582913
207,AE_229,AE_229_2_passive_AC.pickle,119,6,4.166666666666669
208,AE_229,AE_229_2_passive_AC.pickle,132,6,0.8908045977011493
209,AE_229,AE_229_2_passive_AC.pickle,134,6,31.507537688442206
210,AE_229,AE_229_2_passive_AC.pickle,141,6,6.61641541038526
211,AE_229,AE_229_2_passive_AC.pickle,142,6,4.673784104389085
212,AE_229,AE_229_2_passive_AC.pickle,143,6,2.060301507537686
213,AE_229,AE_229_2_passive_AC.pickle,144,6,7.822445561139032
214,AE_229,AE_229_2_passive_AC.pickle,151,6,20.402010050251235
215,AE_229,AE_229_2_passive_AC.pickle,154,6,3.936348408710217
216,AE_229,AE_229_2_passive_AC.pickle,156,6,5.8291457286432165
217,AE_229,AE_229_2_passive_AC.pickle,157,6,13.873873873873872
218,AE_229,AE_229_2_passive_AC.pickle,158,6,32.194304857621454
219,AE_229,AE_229_2_passive_AC.pickle,160,6,28.090452261306556
220,AE_229,AE_229_2_passive_AC.pickle,164,6,1.8045112781954877
221,AE_229,AE_229_2_passive_AC.pickle,165,6,4.371859296482415
222,AE_229,AE_229_2_passive_AC.pickle,172,6,2.7470686767169155
223,AE_229,AE_229_2_passive_AC.pickle,174,6,0.6560846560846556
224,AE_229,AE_229_2_passive_AC.pickle,175,6,3.500837520938024
225,AE_229,AE_229_2_passive_AC.pickle,178,6,46.03015075376885
226,AE_229,AE_229_2_passive_AC.pickle,179,6,13.082077051926296
227,AE_229,AE_229_2_passive_AC.pickle,185,6,9.095477386934679
228,AE_229,AE_229_2_passive_AC.pickle,188,6,0.8053691275167784
229,AE_229,AE_229_2_passive_AC.pickle,191,6,15.661641541038511
230,AE_229,AE_229_2_passive_AC.pickle,193,6,10.686767169179243
231,AE_229,AE_229_2_passive_AC.pickle,194,6,20.451127819548876
232,AE_229,AE_229_2_passive_AC.pickle,195,6,3.718592964824125
233,AE_229,AE_229_2_passive_AC.pickle,204,6,0.9553478712357216
234,AE_229,AE_229_2_passive_AC.pickle,206,6,5.108877721943056
235,AE_229,AE_229_2_passive_AC.pickle,214,6,1.3616268788682568
236,AE_229,AE_229_2_passive_AC.pickle,217,6,5.812395309882742
237,AE_229,AE_229_2_passive_AC.pickle,221,6,1.926298157453936
238,AE_229,AE_229_2_passive_AC.pickle,222,6,1.6080402010050254
239,AE_229,AE_229_2_passive_AC.pickle,232,6,3.7688442211055255
240,AE_229,AE_229_2_passive_AC.pickle,241,6,4.304857621440531
241,AE_229,AE_229_2_passive_AC.pickle,246,6,1.9047619047619047
242,AE_229,AE_229_2_passive_AC.pickle,256,6,5.963149078726965
243,AE_229,AE_229_2_passive_AC.pickle,272,6,5.261707988980716
244,AE_229,AE_229_2_passive_AC.pickle,280,6,3.3639143730886847
245,AE_229,AE_229_2_passive_AC.pickle,286,6,5.983935742971891
246,AE_229,AE_229_2_passive_AC.pickle,290,6,2.495812395309883
247,AE_229,AE_229_2_passive_AC.pickle,298,6,1.1740041928721172
248,AE_229,AE_229_2_passive_AC.pickle,304,6,2.77310924369748
249,AE_229,AE_229_2_passive_AC.pickle,306,6,1.5099715099715114
250,AE_229,AE_229_2_passive_AC.pickle,308,6,1.433021806853582
251,AE_229,AE_229_2_passive_AC.pickle,322,6,3.9735099337748343
252,AE_229,AE_229_2_passive_AC.pickle,324,6,1.0468319559228652
253,AE_229,AE_229_2_passive_AC.pickle,325,6,3.4673366834170816
254,AE_229,AE_229_2_passive_AC.pickle,329,6,0.38888888888888895
255,AE_229,AE_229_2_passive_AC.pickle,333,6,1.1016949152542368
256,AE_229,AE_229_2_passive_AC.pickle,335,6,2.9815745393634847
257,AE_229,AE_229_2_passive_AC.pickle,336,6,1.7587939698492465
258,AE_229,AE_229_2_passive_AC.pickle,340,6,1.412429378531073
259,AE_229,AE_229_2_passive_AC.pickle,344,6,0.8908045977011495
260,AE_229,AE_229_2_passive_AC.pickle,358,6,4.529616724738676
261,AE_229,AE_229_2_passive_AC.pickle,363,6,1.3841807909604518
262,AE_229,AE_229_2_passive_AC.pickle,365,6,1.069723018147087
263,AE_229,AE_229_2_passive_AC.pickle,372,6,0.4333333333333334
264,AE_229,AE_229_2_passive_AC.pickle,379,6,0.5347593582887701
265,AE_229,AE_229_2_passive_AC.pickle,381,6,31.256281407035186
266,AE_229,AE_229_2_passive_AC.pickle,390,6,6.214405360134007
267,AE_229,AE_229_2_passive_AC.pickle,394,6,1.0101010101010102
268,AE_229,AE_229_2_passive_AC.pickle,396,6,6.700167504187604
269,AE_229,AE_229_2_passive_AC.pickle,397,6,1.622971285892634
270,AE_229,AE_229_2_passive_AC.pickle,401,6,0.6589147286821704
271,AE_229,AE_229_2_passive_AC.pickle,404,6,2.1596244131455404
272,AE_229,AE_229_2_passive_AC.pickle,412,6,43.61538461538461
273,AE_229,AE_229_2_passive_AC.pickle,413,6,27.373068432671072
274,AE_229,AE_229_2_passive_AC.pickle,419,6,41.816239316239326
275,AE_229,AE_229_2_passive_AC.pickle,424,6,31.285140562248994
276,AE_294,AE_294_1_passive_AC.pickle,5,3,6.013400335008375
277,AE_294,AE_294_1_passive_AC.pickle,13,3,2.440087145969499
278,AE_294,AE_294_1_passive_AC.pickle,16,3,8.499999999999998
279,AE_294,AE_294_1_passive_AC.pickle,17,3,19.04522613065326
280,AE_294,AE_294_1_passive_AC.pickle,29,3,19.664991624790613
281,AE_294,AE_294_1_passive_AC.pickle,87,3,2.7135678391959743
282,AE_294,AE_294_1_passive_AC.pickle,92,3,3.819095477386937
283,AE_294,AE_294_1_passive_AC.pickle,105,3,3.0653266331658298
284,AE_294,AE_294_1_passive_AC.pickle,125,3,7.177304964539004
285,AE_294,AE_294_1_passive_AC.pickle,127,3,2.964824120603014
286,AE_294,AE_294_1_passive_AC.pickle,128,3,3.8693467336683365
287,AE_294,AE_294_1_passive_AC.pickle,133,3,6.214405360134005
288,AE_294,AE_294_1_passive_AC.pickle,136,3,4.57286432160804
289,AE_294,AE_294_1_passive_AC.pickle,137,3,2.8475711892797335
290,AE_294,AE_294_1_passive_AC.pickle,138,3,21.088777219430483
291,AE_294,AE_294_1_passive_AC.pickle,141,3,4.556113902847569
292,AE_294,AE_294_1_passive_AC.pickle,143,3,2.1943048576214412
293,AE_294,AE_294_1_passive_AC.pickle,149,3,18.509212730318243
294,AE_294,AE_294_1_passive_AC.pickle,162,3,27.893864013266995
295,AE_294,AE_294_1_passive_AC.pickle,167,3,3.4673366834170856
296,AE_294,AE_294_1_passive_AC.pickle,172,3,4.62311557788945
297,AE_294,AE_294_1_passive_AC.pickle,176,3,35.12562814070353
298,AE_294,AE_294_1_passive_AC.pickle,182,3,16.0919540229885
299,AE_294,AE_294_1_passive_AC.pickle,193,3,4.857621440536009
300,AE_294,AE_294_1_passive_AC.pickle,197,3,15.728643216080398
301,AE_294,AE_294_1_passive_AC.pickle,201,3,0.9465020576131686
302,AE_294,AE_294_1_passive_AC.pickle,206,3,4.612612612612614
303,AE_294,AE_294_1_passive_AC.pickle,207,3,0.8938547486033519
304,AE_294,AE_294_1_passive_AC.pickle,228,3,4.221105527638185
305,AE_294,AE_294_1_passive_AC.pickle,244,3,1.2297734627831711
306,AE_294,AE_294_1_passive_AC.pickle,250,3,2.755102040816326
307,AE_294,AE_294_1_passive_AC.pickle,253,3,0.8857808857808858
308,AE_294,AE_294_1_passive_AC.pickle,254,3,0.8375209380234508
309,AE_294,AE_294_1_passive_AC.pickle,268,3,1.7440225035161738
310,AE_294,AE_294_1_passive_AC.pickle,277,3,3.584589614740368
311,AE_294,AE_294_1_passive_AC.pickle,282,3,1.191806331471136
312,AE_294,AE_294_1_passive_AC.pickle,285,3,3.5955056179775275
313,AE_294,AE_294_1_passive_AC.pickle,291,3,0.3559870550161812
314,AE_294,AE_294_1_passive_AC.pickle,292,3,2.0606060606060606
315,AE_294,AE_294_1_passive_AC.pickle,296,3,1.2280701754385965
316,AE_294,AE_294_1_passive_AC.pickle,305,3,0.6846846846846847
317,AE_294,AE_294_1_passive_AC.pickle,312,3,0.8119658119658123
318,AE_294,AE_294_1_passive_AC.pickle,327,3,1.3065326633165824
319,AE_294,AE_294_1_passive_AC.pickle,328,3,0.9492988133764833
320,AE_294,AE_294_1_passive_AC.pickle,330,3,3.6936936936936933
321,AE_294,AE_294_1_passive_AC.pickle,331,3,1.5577889447236182
322,AE_294,AE_294_1_passive_AC.pickle,334,3,1.3735343383584604
323,AE_294,AE_294_1_passive_AC.pickle,335,3,10.921273031825807
324,AE_294,AE_294_1_passive_AC.pickle,336,3,4.656616415410379
325,TH_200,TH_200_3_passive_AC.pickle,41,6,1.2273361227336121
326,TH_200,TH_200_3_passive_AC.pickle,87,6,2.780569514237856
327,TH_200,TH_200_3_passive_AC.pickle,92,6,2.1440536013400346
328,TH_200,TH_200_3_passive_AC.pickle,104,6,3.082077051926292
329,TH_200,TH_200_3_passive_AC.pickle,114,6,0.46858359957401513
330,TH_200,TH_200_3_passive_AC.pickle,118,6,3.3668341708542724
331,TH_200,TH_200_3_passive_AC.pickle,125,6,8.257956448911225
332,TH_200,TH_200_3_passive_AC.pickle,130,6,0.3685092127303183
333,TH_233,TH_233_3_passive_AC.pickle,9,3,11.390284757118923
334,TH_233,TH_233_3_passive_AC.pickle,10,3,3.718592964824125
335,TH_233,TH_233_3_passive_AC.pickle,11,3,0.6508355321020227
336,TH_233,TH_233_3_passive_AC.pickle,14,3,5.617283950617282
337,TH_233,TH_233_3_passive_AC.pickle,16,3,2.512562814070353
338,TH_233,TH_233_3_passive_AC.pickle,19,3,2.3619047619047584
339,TH_233,TH_233_3_passive_AC.pickle,33,3,8.576214405360144
340,TH_233,TH_233_3_passive_AC.pickle,38,3,14.020100502512552
341,TH_233,TH_233_3_passive_AC.pickle,42,3,3.5845896147403686
342,TH_233,TH_233_3_passive_AC.pickle,44,3,4.779874213836478
343,TH_233,TH_233_3_passive_AC.pickle,45,3,13.216080402010048
344,TH_233,TH_233_3_passive_AC.pickle,47,3,1.3199105145413876
345,TH_233,TH_233_3_passive_AC.pickle,48,3,1.5577889447236175
346,TH_233,TH_233_3_passive_AC.pickle,52,3,1.2834224598930484
347,TH_233,TH_233_3_passive_AC.pickle,53,3,1.9626168224299074
348,TH_233,TH_233_3_passive_AC.pickle,54,3,1.8592964824120592
349,TH_233,TH_233_3_passive_AC.pickle,55,3,5.1515151515151505
350,TH_233,TH_233_3_passive_AC.pickle,57,3,2.948717948717951
351,TH_233,TH_233_3_passive_AC.pickle,58,3,1.1717171717171715
352,TH_233,TH_233_3_passive_AC.pickle,60,3,6.1976549413735205
353,TH_233,TH_233_3_passive_AC.pickle,66,3,9.011725293132333
354,TH_233,TH_233_3_passive_AC.pickle,67,3,7.906197654941373
355,TH_233,TH_233_3_passive_AC.pickle,69,3,14.864197530864196
356,TH_233,TH_233_3_passive_AC.pickle,74,3,3.7005649717514135
357,TH_233,TH_233_3_passive_AC.pickle,76,3,8.075471698113207
358,TH_233,TH_233_3_passive_AC.pickle,77,3,3.1658291457286434
359,TH_233,TH_233_3_passive_AC.pickle,79,3,1.1155378486055778
360,TH_233,TH_233_3_passive_AC.pickle,86,3,8.000000000000002
361,TH_230,TH_230_5_passive_AC.pickle,0,6,15.925925925925926
362,TH_230,TH_230_5_passive_AC.pickle,45,6,4.053601340033499
363,TH_230,TH_230_5_passive_AC.pickle,66,6,1.3065326633165824
364,TH_230,TH_230_5_passive_AC.pickle,82,6,22.169059011164272
365,TH_230,TH_230_5_passive_AC.pickle,86,6,17.470449172576842
366,TH_230,TH_230_5_passive_AC.pickle,125,6,2.4489795918367356
367,TH_230,TH_230_5_passive_AC.pickle,142,6,2.7969348659003828
368,TH_230,TH_230_5_passive_AC.pickle,144,6,9.140271493212667
369,TH_230,TH_230_5_passive_AC.pickle,163,6,15.768115942028995
370,TH_230,TH_230_5_passive_AC.pickle,169,6,10.761154855643047
371,TH_230,TH_230_5_passive_AC.pickle,174,6,3.1496062992125977
372,TH_230,TH_230_5_passive_AC.pickle,177,6,5.121212121212122
373,TH_230,TH_230_5_passive_AC.pickle,178,6,9.683908045977013
374,TH_230,TH_230_5_passive_AC.pickle,180,6,5.661641541038526
375,TH_230,TH_230_5_passive_AC.pickle,181,6,7.910685805422645
376,TH_230,TH_230_5_passive_AC.pickle,184,6,2.7886710239651413
377,TH_230,TH_230_5_passive_AC.pickle,213,6,5.000000000000001
378,TH_230,TH_230_5_passive_AC.pickle,222,6,1.0894941634241238
379,TH_230,TH_230_5_passive_AC.pickle,233,6,21.16575591985428
380,TH_230,TH_230_5_passive_AC.pickle,234,6,11.257861635220126
381,TH_230,TH_230_5_passive_AC.pickle,266,6,17.994987468671685
382,TH_230,TH_230_5_passive_AC.pickle,268,6,4.669603524229075
383,LA_205,LA_205_5_passive_AC.pickle,6,4,3.9698492462311514
384,LA_205,LA_205_5_passive_AC.pickle,17,4,20.201005025125614
385,LA_205,LA_205_5_passive_AC.pickle,19,4,6.131549609810479
386,LA_205,LA_205_5_passive_AC.pickle,28,4,8.375209380234507
387,LA_205,LA_205_5_passive_AC.pickle,41,4,7.807017543859651
388,LA_205,LA_205_5_passive_AC.pickle,45,4,26.004728132387694
389,LA_205,LA_205_5_passive_AC.pickle,69,4,6.616415410385253
390,LA_205,LA_205_5_passive_AC.pickle,87,4,2.528735632183908
391,LA_205,LA_205_5_passive_AC.pickle,95,4,3.253968253968254
392,LA_205,LA_205_5_passive_AC.pickle,100,4,15.882352941176478
393,LA_205,LA_205_5_passive_AC.pickle,105,4,27.035175879396977
394,LA_205,LA_205_5_passive_AC.pickle,107,4,7.520938023450589
395,LA_205,LA_205_5_passive_AC.pickle,130,4,0.5979073243647235
396,LA_205,LA_205_5_passive_AC.pickle,141,4,4.803591470258137
397,LA_205,LA_205_5_passive_AC.pickle,144,4,17.855946398659956
398,LA_205,LA_205_5_passive_AC.pickle,162,4,7.035175879396997
399,LA_205,LA_205_5_passive_AC.pickle,176,4,3.4673366834170842
400,LA_205,LA_205_5_passive_AC.pickle,178,4,1.958568738229757
401,LA_205,LA_205_5_passive_AC.pickle,189,4,0.7843137254901962
402,LA_205,LA_205_5_passive_AC.pickle,190,4,2.490842490842492
403,LA_205,LA_205_5_passive_AC.pickle,191,4,10.708661417322837
404,LA_205,LA_205_5_passive_AC.pickle,192,4,3.5700197238658786
405,LA_205,LA_205_5_passive_AC.pickle,204,4,2.454545454545454
406,LA_205,LA_205_5_passive_AC.pickle,207,4,7.338501291989665
407,LA_205,LA_205_5_passive_AC.pickle,209,4,7.891891891891889
408,LA_205,LA_205_5_passive_AC.pickle,210,4,0.6462585034013606
409,LA_205,LA_205_5_passive_AC.pickle,233,4,8.090452261306533
410,LA_205,LA_205_5_passive_AC.pickle,238,4,0.6197654941373537
411,AE_229,AE_229_5_passive_AC.pickle,0,6,2.1105527638190944
412,AE_229,AE_229_5_passive_AC.pickle,8,6,1.641541038525964
413,AE_229,AE_229_5_passive_AC.pickle,9,6,1.3553113553113556
414,AE_229,AE_229_5_passive_AC.pickle,10,6,8.367071524966262
415,AE_229,AE_229_5_passive_AC.pickle,11,6,2.920353982300885
416,AE_229,AE_229_5_passive_AC.pickle,15,6,0.6700167504187604
417,AE_229,AE_229_5_passive_AC.pickle,18,6,14.015401540154013
418,AE_229,AE_229_5_passive_AC.pickle,21,6,1.308411214953271
419,AE_229,AE_229_5_passive_AC.pickle,23,6,17.5978407557355
420,AE_229,AE_229_5_passive_AC.pickle,25,6,3.1658291457286425
421,AE_229,AE_229_5_passive_AC.pickle,32,6,3.266331658291456
422,AE_229,AE_229_5_passive_AC.pickle,33,6,5.393634840871032
423,AE_229,AE_229_5_passive_AC.pickle,38,6,5.845896147403677
424,AE_229,AE_229_5_passive_AC.pickle,39,6,5.136986301369869
425,AE_229,AE_229_5_passive_AC.pickle,53,6,4.77386934673367
426,AE_229,AE_229_5_passive_AC.pickle,64,6,2.4242424242424243
427,AE_229,AE_229_5_passive_AC.pickle,90,6,54.143049932523645
428,AE_229,AE_229_5_passive_AC.pickle,94,6,2.122571001494769
429,AE_229,AE_229_5_passive_AC.pickle,104,6,7.916666666666661
430,AE_229,AE_229_5_passive_AC.pickle,117,6,10.837520938023456
431,AE_229,AE_229_5_passive_AC.pickle,119,6,1.3642213642213648
432,AE_229,AE_229_5_passive_AC.pickle,120,6,11.807909604519772
433,AE_229,AE_229_5_passive_AC.pickle,125,6,16.499162479061965
434,AE_229,AE_229_5_passive_AC.pickle,143,6,1.2847222222222212
435,AE_229,AE_229_5_passive_AC.pickle,146,6,1.7085427135678393
436,AE_229,AE_229_5_passive_AC.pickle,148,6,1.0548523206751057
437,AE_229,AE_229_5_passive_AC.pickle,155,6,2.2278056951423766
438,AE_229,AE_229_5_passive_AC.pickle,157,6,0.9125475285171101
439,AE_229,AE_229_5_passive_AC.pickle,167,6,8.730158730158728
440,AE_229,AE_229_5_passive_AC.pickle,168,6,0.7371794871794872
441,AE_229,AE_229_5_passive_AC.pickle,170,6,5.668449197860965
442,AE_229,AE_229_5_passive_AC.pickle,172,6,0.6197654941373539
443,AE_229,AE_229_5_passive_AC.pickle,173,6,0.6862745098039215
444,AE_229,AE_229_5_passive_AC.pickle,176,6,23.71967654986522
445,AE_229,AE_229_5_passive_AC.pickle,179,6,4.672897196261683
446,AE_229,AE_229_5_passive_AC.pickle,186,6,1.1851851851851856
447,AE_229,AE_229_5_passive_AC.pickle,190,6,2.1513002364066205
448,AE_229,AE_229_5_passive_AC.pickle,195,6,0.6376811594202899
449,AE_229,AE_229_5_passive_AC.pickle,210,6,1.63265306122449
450,AE_229,AE_229_5_passive_AC.pickle,211,6,1.3333333333333333
451,AE_229,AE_229_5_passive_AC.pickle,215,6,2.7094474153297687
452,AE_229,AE_229_5_passive_AC.pickle,225,6,9.731993299832492
453,AE_229,AE_229_5_passive_AC.pickle,226,6,8.44202898550724
454,AE_229,AE_229_5_passive_AC.pickle,233,6,3.7583892617449655
455,AE_229,AE_229_5_passive_AC.pickle,235,6,1.917211328976035
456,AE_229,AE_229_5_passive_AC.pickle,248,6,12.468468468468465
457,AE_229,AE_229_5_passive_AC.pickle,251,6,1.4973262032085561
458,AE_229,AE_229_5_passive_AC.pickle,252,6,4.589614740368507
459,TH_233,TH_233_4_passive_AC.pickle,11,3,24.92462311557789
460,TH_233,TH_233_4_passive_AC.pickle,31,3,6.993197278911563
461,TH_233,TH_233_4_passive_AC.pickle,86,3,3.3668341708542693
462,TH_201,TH_201_1_passive_AC.pickle,61,1,1.9932998324958129
463,TH_201,TH_201_1_passive_AC.pickle,73,1,1.0238095238095244
464,TH_201,TH_201_1_passive_AC.pickle,89,1,0.6703910614525139
465,TH_201,TH_201_1_passive_AC.pickle,96,1,15.728643216080378
466,TH_201,TH_201_1_passive_AC.pickle,99,1,8.693467336683431
467,TH_201,TH_201_1_passive_AC.pickle,111,1,9.564489112227808
468,TH_201,TH_201_1_passive_AC.pickle,124,1,4.874371859296479
469,TH_201,TH_201_1_passive_AC.pickle,131,1,1.474036850921273
470,TH_201,TH_201_1_passive_AC.pickle,132,1,13.928571428571441
471,TH_201,TH_201_1_passive_AC.pickle,140,1,4.703703703703705
472,TH_201,TH_201_1_passive_AC.pickle,146,1,2.887989203778677
473,TH_201,TH_201_1_passive_AC.pickle,148,1,4.400440044004397
474,TH_201,TH_201_1_passive_AC.pickle,152,1,7.037037037037038
475,TH_201,TH_201_1_passive_AC.pickle,164,1,4.829059829059829
476,TH_201,TH_201_1_passive_AC.pickle,185,1,4.221105527638188
477,TH_201,TH_201_1_passive_AC.pickle,187,1,11.527224435590975
478,TH_201,TH_201_1_passive_AC.pickle,201,1,0.5602240896358545
479,TH_201,TH_201_1_passive_AC.pickle,208,1,6.984924623115576
480,TH_201,TH_201_1_passive_AC.pickle,209,1,19.07872696817417
481,TH_201,TH_201_1_passive_AC.pickle,210,1,4.723618090452258
482,TH_201,TH_201_1_passive_AC.pickle,212,1,16.448911222780566
483,TH_201,TH_201_1_passive_AC.pickle,214,1,13.271317829457363
484,TH_201,TH_201_1_passive_AC.pickle,222,1,6.298157453936352
485,TH_201,TH_201_1_passive_AC.pickle,230,1,16.460905349794242
486,TH_201,TH_201_1_passive_AC.pickle,236,1,17.59057971014495
487,TH_201,TH_201_1_passive_AC.pickle,240,1,32.93132328308208
488,TH_201,TH_201_1_passive_AC.pickle,256,1,25.644891122278064
489,TH_201,TH_201_1_passive_AC.pickle,264,1,1.6599732262382865
490,TH_201,TH_201_1_passive_AC.pickle,266,1,1.333333333333333
491,TH_201,TH_201_1_passive_AC.pickle,273,1,18.107202680066976
492,TH_201,TH_201_1_passive_AC.pickle,290,1,1.1299435028248586
493,TH_201,TH_201_1_passive_AC.pickle,295,1,9.262981574539376
494,TH_201,TH_201_1_passive_AC.pickle,307,1,33.160733549083055
495,TH_201,TH_201_1_passive_AC.pickle,317,1,4.003350083752092
496,TH_201,TH_201_1_passive_AC.pickle,318,1,3.605870020964361
497,TH_201,TH_201_1_passive_AC.pickle,320,1,2.2004357298474924
498,TH_201,TH_201_1_passive_AC.pickle,358,1,55.12562814070349
499,TH_201,TH_201_1_passive_AC.pickle,361,1,35.795644891122265
500,TH_201,TH_201_1_passive_AC.pickle,390,1,28.927973199329994
501,LA_204,LA_204_7_passive_AC.pickle,1,5,7.61904761904762
502,TH_201,TH_201_2_passive_AC.pickle,6,1,12.39530988274707
503,TH_201,TH_201_2_passive_AC.pickle,19,1,5.108877721943043
504,TH_201,TH_201_2_passive_AC.pickle,25,1,1.304347826086956
505,TH_201,TH_201_2_passive_AC.pickle,30,1,6.917922948073705
506,TH_201,TH_201_2_passive_AC.pickle,34,1,2.412060301507536
507,TH_201,TH_201_2_passive_AC.pickle,44,1,16.968174204355105
508,TH_201,TH_201_2_passive_AC.pickle,49,1,15.672823218997358
509,TH_201,TH_201_2_passive_AC.pickle,64,1,10.722222222222221
510,TH_201,TH_201_2_passive_AC.pickle,66,1,3.1825795644891137
511,TH_201,TH_201_2_passive_AC.pickle,67,1,6.994152046783625
512,TH_201,TH_201_2_passive_AC.pickle,74,1,0.6867671691792295
513,TH_201,TH_201_2_passive_AC.pickle,94,1,8.525963149078741
514,TH_201,TH_201_2_passive_AC.pickle,96,1,1.2227805695142382
515,TH_201,TH_201_2_passive_AC.pickle,99,1,1.0385259631490797
516,TH_201,TH_201_2_passive_AC.pickle,114,1,20.083752093802357
517,TH_201,TH_201_2_passive_AC.pickle,122,1,2.7638190954773862
518,TH_201,TH_201_2_passive_AC.pickle,123,1,8.994974874371849
519,TH_201,TH_201_2_passive_AC.pickle,128,1,3.752093802345058
520,TH_201,TH_201_2_passive_AC.pickle,130,1,1.3902847571189287
521,TH_201,TH_201_2_passive_AC.pickle,131,1,6.899902818270164
522,TH_201,TH_201_2_passive_AC.pickle,142,1,15.711892797319923
523,TH_201,TH_201_2_passive_AC.pickle,144,1,5.611390284757123
524,TH_201,TH_201_2_passive_AC.pickle,146,1,2.5125628140703533
525,TH_201,TH_201_2_passive_AC.pickle,150,1,3.0988274706867664
526,TH_201,TH_201_2_passive_AC.pickle,155,1,10.569514237855945
527,TH_201,TH_201_2_passive_AC.pickle,160,1,1.3948717948717957
528,TH_201,TH_201_2_passive_AC.pickle,161,1,2.3785594639865986
529,TH_201,TH_201_2_passive_AC.pickle,164,1,5.393634840871018
530,TH_201,TH_201_2_passive_AC.pickle,167,1,0.5862646566164156
531,TH_201,TH_201_2_passive_AC.pickle,170,1,6.783919597989942
532,TH_201,TH_201_2_passive_AC.pickle,190,1,3.4068627450980395
533,TH_201,TH_201_2_passive_AC.pickle,198,1,10.887772194304869
534,TH_201,TH_201_2_passive_AC.pickle,199,1,1.6247906197654927
535,TH_201,TH_201_2_passive_AC.pickle,204,1,0.8562691131498471
536,TH_201,TH_201_2_passive_AC.pickle,213,1,11.222780569514233
537,TH_201,TH_201_2_passive_AC.pickle,219,1,13.585585585585584
538,TH_201,TH_201_2_passive_AC.pickle,231,1,0.6197654941373534
539,TH_201,TH_201_2_passive_AC.pickle,237,1,5.271966527196652
540,TH_201,TH_201_2_passive_AC.pickle,266,1,6.612021857923499
541,TH_201,TH_201_2_passive_AC.pickle,269,1,16.309963099630995
542,TH_201,TH_201_2_passive_AC.pickle,271,1,11.172529313232829
543,TH_201,TH_201_2_passive_AC.pickle,280,1,9.019607843137258
544,TH_201,TH_201_2_passive_AC.pickle,290,1,4.299516908212562
545,TH_234,TH_234_3_passive_AC.pickle,1,3,29.865996649916273
546,TH_234,TH_234_3_passive_AC.pickle,2,3,3.2336655592469556
547,TH_234,TH_234_3_passive_AC.pickle,5,3,8.140703517587943
548,TH_234,TH_234_3_passive_AC.pickle,17,3,7.370184254606368
549,TH_234,TH_234_3_passive_AC.pickle,18,3,8.82747068676717
550,TH_234,TH_234_3_passive_AC.pickle,40,3,97.52093802345057
551,TH_234,TH_234_3_passive_AC.pickle,42,3,16.666666666666664
552,TH_234,TH_234_3_passive_AC.pickle,43,3,0.7000000000000003
553,TH_234,TH_234_3_passive_AC.pickle,44,3,13.417085427135664
554,TH_234,TH_234_3_passive_AC.pickle,48,3,1.122278056951424
555,TH_234,TH_234_3_passive_AC.pickle,49,3,13.01507537688442
556,TH_234,TH_234_3_passive_AC.pickle,52,3,0.7999999999999995
557,TH_234,TH_234_3_passive_AC.pickle,54,3,10.134003350083756
558,TH_234,TH_234_3_passive_AC.pickle,55,3,11.239530988274709
559,TH_234,TH_234_3_passive_AC.pickle,56,3,1.1557788944723617
560,TH_234,TH_234_3_passive_AC.pickle,76,3,0.8187134502923975
561,TH_234,TH_234_3_passive_AC.pickle,81,3,2.629815745393635
562,TH_234,TH_234_3_passive_AC.pickle,82,3,3.93634840871022
563,TH_234,TH_234_3_passive_AC.pickle,84,3,4.702380952380949
564,TH_234,TH_234_3_passive_AC.pickle,104,3,3.149078726968176
565,TH_234,TH_234_3_passive_AC.pickle,106,3,8.76046901172529
566,TH_234,TH_234_3_passive_AC.pickle,107,3,7.9396984924623055
567,TH_234,TH_234_3_passive_AC.pickle,109,3,144.7906197654942
568,TH_234,TH_234_3_passive_AC.pickle,113,3,6.314907872696817
569,TH_234,TH_234_3_passive_AC.pickle,119,3,5.034013605442178
570,TH_234,TH_234_3_passive_AC.pickle,122,3,6.2479061976549435
571,TH_234,TH_234_3_passive_AC.pickle,123,3,0.5275779376498801
572,TH_234,TH_234_3_passive_AC.pickle,126,3,2.1775544388609713
573,TH_234,TH_234_3_passive_AC.pickle,129,3,1.4070351758793962
574,TH_234,TH_234_3_passive_AC.pickle,136,3,70.6197654941374
575,TH_234,TH_234_3_passive_AC.pickle,137,3,4.422110552763818
576,TH_234,TH_234_3_passive_AC.pickle,141,3,1.6080402010050252
577,TH_234,TH_234_3_passive_AC.pickle,148,3,8.52596314907872
578,TH_234,TH_234_3_passive_AC.pickle,150,3,2.88107202680067
579,TH_234,TH_234_3_passive_AC.pickle,167,3,2.780569514237855
580,TH_234,TH_234_3_passive_AC.pickle,172,3,15.79564489112226
581,TH_234,TH_234_3_passive_AC.pickle,179,3,3.819095477386934
582,TH_234,TH_234_3_passive_AC.pickle,180,3,16.379310344827594
583,TH_234,TH_234_3_passive_AC.pickle,183,3,3.5772357723577235
584,TH_234,TH_234_3_passive_AC.pickle,184,3,2.470862470862472
585,TH_234,TH_234_3_passive_AC.pickle,185,3,2.8742514970059903
586,TH_234,TH_234_3_passive_AC.pickle,187,3,0.7370184254606366
587,TH_234,TH_234_3_passive_AC.pickle,190,3,7.906197654941376
588,TH_234,TH_234_3_passive_AC.pickle,194,3,0.7342143906020557
589,TH_234,TH_234_3_passive_AC.pickle,199,3,1.7587939698492459
590,TH_234,TH_234_3_passive_AC.pickle,200,3,0.6365159128978225
591,TH_234,TH_234_3_passive_AC.pickle,201,3,1.959798994974874
592,TH_234,TH_234_3_passive_AC.pickle,205,3,25.477386934673376
593,TH_234,TH_234_3_passive_AC.pickle,206,3,2.572178477690287
594,TH_234,TH_234_3_passive_AC.pickle,207,3,1.2562814070351753
595,TH_234,TH_234_3_passive_AC.pickle,208,3,6.683417085427136
596,TH_234,TH_234_3_passive_AC.pickle,212,3,2.003853564547207
597,TH_234,TH_234_3_passive_AC.pickle,214,3,1.44578313253012
598,TH_234,TH_234_3_passive_AC.pickle,215,3,0.8749999999999998
599,TH_234,TH_234_3_passive_AC.pickle,216,3,0.9126984126984126
600,TH_234,TH_234_3_passive_AC.pickle,217,3,12.278056951423777
601,TH_234,TH_234_3_passive_AC.pickle,220,3,1.0852713178294575
602,TH_234,TH_234_3_passive_AC.pickle,224,3,4.639865996649915
603,TH_234,TH_234_3_passive_AC.pickle,231,3,2.2222222222222223
604,TH_234,TH_234_3_passive_AC.pickle,232,3,6.532663316582916
605,TH_234,TH_234_3_passive_AC.pickle,235,3,1.0285714285714291
606,TH_234,TH_234_3_passive_AC.pickle,236,3,4.857621440536016
607,TH_234,TH_234_3_passive_AC.pickle,237,3,6.046901172529316
608,TH_201,TH_201_4_passive_AC.pickle,0,1,2.562814070351759
609,TH_201,TH_201_4_passive_AC.pickle,30,1,8.358458961474057
610,TH_201,TH_201_4_passive_AC.pickle,39,1,2.8765792031098125
611,TH_201,TH_201_4_passive_AC.pickle,51,1,1.6750418760469015
612,TH_201,TH_201_4_passive_AC.pickle,52,1,1.3902847571189274
613,TH_201,TH_201_4_passive_AC.pickle,63,1,4.405360134003353
614,TH_201,TH_201_4_passive_AC.pickle,67,1,2.6315789473684212
615,TH_201,TH_201_4_passive_AC.pickle,70,1,0.5695142378559465
616,TH_201,TH_201_4_passive_AC.pickle,73,1,2.8930817610062896
617,TH_201,TH_201_4_passive_AC.pickle,79,1,0.887772194304858
618,TH_201,TH_201_4_passive_AC.pickle,96,1,9.983249581239537
619,TH_201,TH_201_4_passive_AC.pickle,98,1,40.93802345058626
620,TH_201,TH_201_4_passive_AC.pickle,123,1,1.3065326633165835
621,TH_201,TH_201_4_passive_AC.pickle,138,1,3.3783783783783794
622,TH_201,TH_201_4_passive_AC.pickle,141,1,15.527638190954766
623,TH_201,TH_201_4_passive_AC.pickle,191,1,7.839195979899498
624,TH_201,TH_201_4_passive_AC.pickle,211,1,26.18090452261307
625,TH_201,TH_201_4_passive_AC.pickle,212,1,1.591289782244556
626,TH_201,TH_201_4_passive_AC.pickle,224,1,0.8777429467084634
627,TH_201,TH_201_4_passive_AC.pickle,246,1,1.0480349344978166
628,TH_201,TH_201_4_passive_AC.pickle,248,1,5.309734513274336
629,TH_201,TH_201_4_passive_AC.pickle,276,1,16.934673366834147
630,TH_201,TH_201_4_passive_AC.pickle,293,1,22.44556113902846
631,LA_205,LA_205_3_passive_AC.pickle,17,4,1.909547738693467
632,LA_205,LA_205_3_passive_AC.pickle,18,4,2.4790619765494144
633,LA_205,LA_205_3_passive_AC.pickle,21,4,4.6733668341708485
634,LA_205,LA_205_3_passive_AC.pickle,22,4,3.216601815823605
635,LA_205,LA_205_3_passive_AC.pickle,26,4,6.09715242881072
636,LA_205,LA_205_3_passive_AC.pickle,28,4,10.737018425460636
637,LA_205,LA_205_3_passive_AC.pickle,32,4,8.782051282051281
638,LA_205,LA_205_3_passive_AC.pickle,37,4,12.675438596491228
639,LA_205,LA_205_3_passive_AC.pickle,62,4,3.0988274706867682
640,LA_205,LA_205_3_passive_AC.pickle,69,4,26.05095541401271
641,LA_205,LA_205_3_passive_AC.pickle,70,4,4.708333333333334
642,LA_205,LA_205_3_passive_AC.pickle,71,4,12.479061976549412
643,LA_205,LA_205_3_passive_AC.pickle,73,4,0.8948545861297542
644,LA_205,LA_205_3_passive_AC.pickle,74,4,2.036124794745485
645,LA_205,LA_205_3_passive_AC.pickle,77,4,0.623052959501558
646,LA_205,LA_205_3_passive_AC.pickle,90,4,11.407035175879404
647,LA_205,LA_205_3_passive_AC.pickle,93,4,1.7085427135678422
648,LA_205,LA_205_3_passive_AC.pickle,99,4,3.016476552598226
649,LA_205,LA_205_3_passive_AC.pickle,102,4,2.4572649572649565
650,LA_205,LA_205_3_passive_AC.pickle,139,4,15.309882747068668
651,TH_201,TH_201_3_passive_AC.pickle,12,1,5.457875457875458
652,TH_201,TH_201_3_passive_AC.pickle,13,1,17.52834467120181
653,TH_201,TH_201_3_passive_AC.pickle,17,1,4.757118927973197
654,TH_201,TH_201_3_passive_AC.pickle,19,1,2.3115577889447243
655,TH_201,TH_201_3_passive_AC.pickle,26,1,2.5293132328308214
656,TH_201,TH_201_3_passive_AC.pickle,31,1,1.3902847571189283
657,TH_201,TH_201_3_passive_AC.pickle,37,1,35.788479697828144
658,TH_201,TH_201_3_passive_AC.pickle,40,1,15.611390284757118
659,TH_201,TH_201_3_passive_AC.pickle,41,1,39.02847571189282
660,TH_201,TH_201_3_passive_AC.pickle,59,1,3.2160804020100495
661,TH_201,TH_201_3_passive_AC.pickle,66,1,26.700167504187608
662,TH_201,TH_201_3_passive_AC.pickle,72,1,0.7981220657276997
663,TH_201,TH_201_3_passive_AC.pickle,73,1,1.6247906197654935
664,TH_201,TH_201_3_passive_AC.pickle,75,1,1.1055276381909553
665,TH_201,TH_201_3_passive_AC.pickle,76,1,0.6419753086419752
666,TH_201,TH_201_3_passive_AC.pickle,85,1,3.400335008375211
667,TH_201,TH_201_3_passive_AC.pickle,95,1,35.8626465661642
668,TH_201,TH_201_3_passive_AC.pickle,96,1,5.259631490787267
669,TH_201,TH_201_3_passive_AC.pickle,99,1,1.7252931323283076
670,TH_201,TH_201_3_passive_AC.pickle,102,1,7.219430485762135
671,TH_201,TH_201_3_passive_AC.pickle,127,1,0.7537688442211058
672,TH_201,TH_201_3_passive_AC.pickle,130,1,9.497487437185937
673,TH_201,TH_201_3_passive_AC.pickle,133,1,18.140703517587934
674,TH_201,TH_201_3_passive_AC.pickle,140,1,4.539363484087099
675,TH_201,TH_201_3_passive_AC.pickle,144,1,12.516619183285862
676,TH_201,TH_201_3_passive_AC.pickle,147,1,1.4070351758793977
677,TH_201,TH_201_3_passive_AC.pickle,150,1,9.832495812395312
678,TH_201,TH_201_3_passive_AC.pickle,154,1,0.7872696817420438
679,TH_201,TH_201_3_passive_AC.pickle,155,1,1.6210739614994931
680,TH_201,TH_201_3_passive_AC.pickle,160,1,1.5075376884422116
681,TH_201,TH_201_3_passive_AC.pickle,161,1,1.6849816849816843
682,TH_201,TH_201_3_passive_AC.pickle,163,1,1.8257956448911226
683,TH_201,TH_201_3_passive_AC.pickle,164,1,15.349593495934965
684,TH_201,TH_201_3_passive_AC.pickle,169,1,0.3463203463203463
685,TH_201,TH_201_3_passive_AC.pickle,170,1,4.383561643835618
686,TH_201,TH_201_3_passive_AC.pickle,171,1,2.897822445561137
687,TH_201,TH_201_3_passive_AC.pickle,173,1,6.331658291457287
688,TH_201,TH_201_3_passive_AC.pickle,174,1,2.5963149078726966
689,TH_201,TH_201_3_passive_AC.pickle,176,1,2.2278056951423775
690,TH_201,TH_201_3_passive_AC.pickle,184,1,4.00335008375209
691,TH_201,TH_201_3_passive_AC.pickle,188,1,2.165058949624866
692,TH_201,TH_201_3_passive_AC.pickle,199,1,1.0847457627118644
693,TH_201,TH_201_3_passive_AC.pickle,205,1,1.7624521072796926
694,TH_201,TH_201_3_passive_AC.pickle,210,1,2.1428571428571432
695,TH_201,TH_201_3_passive_AC.pickle,218,1,5.142378559463991
696,TH_201,TH_201_3_passive_AC.pickle,228,1,1.088777219430486
697,TH_201,TH_201_3_passive_AC.pickle,229,1,0.7692307692307697
698,TH_201,TH_201_3_passive_AC.pickle,230,1,0.49382716049382724
699,TH_201,TH_201_3_passive_AC.pickle,233,1,1.2060301507537685
700,TH_201,TH_201_3_passive_AC.pickle,235,1,3.6180904522613067
701,TH_201,TH_201_3_passive_AC.pickle,237,1,5.491803278688525
702,TH_201,TH_201_3_passive_AC.pickle,238,1,2.5368731563421836
703,TH_201,TH_201_3_passive_AC.pickle,242,1,1.048951048951049
704,TH_201,TH_201_3_passive_AC.pickle,254,1,8.350515463917526
705,TH_201,TH_201_3_passive_AC.pickle,263,1,4.137353433835845
706,TH_201,TH_201_3_passive_AC.pickle,270,1,1.122278056951424
707,TH_200,TH_200_5_passive_AC.pickle,6,6,1.172529313232831
708,TH_200,TH_200_5_passive_AC.pickle,17,6,2.56084656084656
709,TH_200,TH_200_5_passive_AC.pickle,23,6,2.1806853582554515
710,TH_200,TH_200_5_passive_AC.pickle,40,6,10.770519262981578
711,TH_200,TH_200_5_passive_AC.pickle,48,6,2.620423892100192
712,LA_204,LA_204_5_passive_AC.pickle,7,4,20.51926298157453
713,LA_204,LA_204_5_passive_AC.pickle,11,4,2.462311557788944
714,LA_204,LA_204_5_passive_AC.pickle,12,4,1.5384615384615399
715,LA_204,LA_204_5_passive_AC.pickle,14,4,1.3899613899613896
716,LA_204,LA_204_5_passive_AC.pickle,15,4,24.757118927973195
717,LA_204,LA_204_5_passive_AC.pickle,22,4,21.172529313232825
718,LA_204,LA_204_5_passive_AC.pickle,24,4,19.594594594594593
719,LA_204,LA_204_5_passive_AC.pickle,31,4,0.3350083752093802
720,LA_204,LA_204_5_passive_AC.pickle,38,4,15.008375209380224
721,LA_204,LA_204_5_passive_AC.pickle,39,4,1.7712177121771222
722,LA_204,LA_204_5_passive_AC.pickle,44,4,5.3030303030303045
723,LA_204,LA_204_5_passive_AC.pickle,52,4,5.159817351598177
724,LA_204,LA_204_5_passive_AC.pickle,53,4,41.85061315496099
725,LA_204,LA_204_5_passive_AC.pickle,54,4,2.5665101721439747
726,LA_204,LA_204_5_passive_AC.pickle,55,4,7.5391498881431795
727,LA_204,LA_204_5_passive_AC.pickle,56,4,1.827541827541828
728,LA_204,LA_204_5_passive_AC.pickle,58,4,2.200854700854699
729,TH_234,TH_234_1_passive_AC.pickle,1,2,2.7044025157232707
730,TH_234,TH_234_1_passive_AC.pickle,2,2,9.182389937106915
731,TH_234,TH_234_1_passive_AC.pickle,5,2,132.9559748427673
732,TH_234,TH_234_1_passive_AC.pickle,8,2,3.7735849056603796
733,TH_234,TH_234_1_passive_AC.pickle,9,2,1.572327044025158
734,TH_234,TH_234_1_passive_AC.pickle,14,2,2.075471698113208
735,TH_234,TH_234_1_passive_AC.pickle,27,2,2.138364779874214
736,TH_234,TH_234_1_passive_AC.pickle,30,2,2.4528301886792456
737,TH_234,TH_234_1_passive_AC.pickle,34,2,7.7987421383647835
738,TH_234,TH_234_1_passive_AC.pickle,47,2,69.05660377358491
739,TH_234,TH_234_1_passive_AC.pickle,49,2,29.056603773584907
740,TH_234,TH_234_1_passive_AC.pickle,54,2,4.779874213836477
741,TH_234,TH_234_1_passive_AC.pickle,63,2,29.685534591194973
742,TH_234,TH_234_1_passive_AC.pickle,69,2,5.534591194968551
743,TH_234,TH_234_1_passive_AC.pickle,81,2,7.10691823899371
744,TH_234,TH_234_1_passive_AC.pickle,105,2,2.515723270440251
745,TH_234,TH_234_1_passive_AC.pickle,111,2,12.264150943396231
746,TH_234,TH_234_1_passive_AC.pickle,112,2,4.150943396226414
747,TH_234,TH_234_1_passive_AC.pickle,114,2,3.1446540880503133
748,TH_234,TH_234_1_passive_AC.pickle,123,2,0.4402515723270441
749,TH_234,TH_234_1_passive_AC.pickle,134,2,6.289308176100629
750,TH_234,TH_234_1_passive_AC.pickle,141,2,2.830188679245283
751,TH_234,TH_234_1_passive_AC.pickle,144,2,1.0062893081761006
752,TH_234,TH_234_1_passive_AC.pickle,146,2,8.993710691823903
753,TH_234,TH_234_1_passive_AC.pickle,148,2,1.6981132075471699
754,TH_234,TH_234_1_passive_AC.pickle,168,2,4.088050314465408
755,TH_234,TH_234_1_passive_AC.pickle,169,2,5.220125786163521
756,TH_234,TH_234_1_passive_AC.pickle,170,2,1.1949685534591197
757,TH_234,TH_234_1_passive_AC.pickle,171,2,26.352201257861637
758,TH_234,TH_234_1_passive_AC.pickle,174,2,0.628930817610063
759,TH_234,TH_234_1_passive_AC.pickle,175,2,19.811320754716977
760,TH_234,TH_234_1_passive_AC.pickle,177,2,3.081761006289308
761,TH_234,TH_234_1_passive_AC.pickle,180,2,41.63522012578617
762,TH_234,TH_234_1_passive_AC.pickle,183,2,3.8364779874213832
763,TH_234,TH_234_1_passive_AC.pickle,185,2,9.308176100628929
764,TH_234,TH_234_1_passive_AC.pickle,194,2,4.025157232704403
765,AE_229,AE_229_6_passive_AC.pickle,0,6,2.780569514237855
766,AE_229,AE_229_6_passive_AC.pickle,2,6,2.2404371584699456
767,AE_229,AE_229_6_passive_AC.pickle,4,6,12.747068676716912
768,AE_229,AE_229_6_passive_AC.pickle,12,6,2.411764705882353
769,AE_229,AE_229_6_passive_AC.pickle,26,6,1.390284757118928
770,AE_229,AE_229_6_passive_AC.pickle,27,6,22.713567839195985
771,AE_229,AE_229_6_passive_AC.pickle,29,6,0.8542713567839199
772,AE_229,AE_229_6_passive_AC.pickle,40,6,25.762144053601347
773,AE_229,AE_229_6_passive_AC.pickle,41,6,7.386934673366836
774,AE_229,AE_229_6_passive_AC.pickle,42,6,10.325203252032523
775,AE_229,AE_229_6_passive_AC.pickle,43,6,24.173027989821882
776,AE_229,AE_229_6_passive_AC.pickle,45,6,11.551724137931032
777,AE_229,AE_229_6_passive_AC.pickle,48,6,16.515912897822446
778,AE_229,AE_229_6_passive_AC.pickle,49,6,2.7752639517345403
779,AE_229,AE_229_6_passive_AC.pickle,50,6,10.251256281407036
780,AE_229,AE_229_6_passive_AC.pickle,55,6,6.783919597989944
781,AE_229,AE_229_6_passive_AC.pickle,58,6,1.2227805695142384
782,AE_229,AE_229_6_passive_AC.pickle,60,6,5.242881072026801
783,AE_229,AE_229_6_passive_AC.pickle,62,6,2.7715355805243442
784,AE_229,AE_229_6_passive_AC.pickle,63,6,0.9882747068676715
785,AE_229,AE_229_6_passive_AC.pickle,64,6,9.849246231155785
786,AE_229,AE_229_6_passive_AC.pickle,65,6,2.311557788944722
787,AE_229,AE_229_6_passive_AC.pickle,67,6,6.532663316582909
788,AE_229,AE_229_6_passive_AC.pickle,68,6,1.7834394904458606
789,AE_229,AE_229_6_passive_AC.pickle,70,6,3.8023450586264667
790,AE_229,AE_229_6_passive_AC.pickle,71,6,12.077051926298159
791,AE_229,AE_229_6_passive_AC.pickle,78,6,2.5607064017660024
792,AE_229,AE_229_6_passive_AC.pickle,79,6,23.701842546063638
793,AE_229,AE_229_6_passive_AC.pickle,80,6,2.7638190954773876
794,AE_229,AE_229_6_passive_AC.pickle,81,6,0.6986899563318777
795,AE_229,AE_229_6_passive_AC.pickle,85,6,5.326633165829149
796,AE_229,AE_229_6_passive_AC.pickle,86,6,6.264656616415408
797,AE_229,AE_229_6_passive_AC.pickle,87,6,5.628140703517588
798,AE_229,AE_229_6_passive_AC.pickle,89,6,6.197654941373538
799,AE_229,AE_229_6_passive_AC.pickle,91,6,19.798994974874365
800,AE_229,AE_229_6_passive_AC.pickle,92,6,15.387840670859537
801,AE_229,AE_229_6_passive_AC.pickle,94,6,2.8140703517587924
802,AE_229,AE_229_6_passive_AC.pickle,95,6,3.2495812395309893
803,AE_229,AE_229_6_passive_AC.pickle,97,6,7.4036850921273025
804,AE_229,AE_229_6_passive_AC.pickle,98,6,8.247126436781606
805,AE_229,AE_229_6_passive_AC.pickle,101,6,14.827201783723526
806,AE_229,AE_229_6_passive_AC.pickle,103,6,6.013400335008376
807,AE_229,AE_229_6_passive_AC.pickle,114,6,3.4170854271356768
808,AE_229,AE_229_6_passive_AC.pickle,116,6,22.48995983935742
809,AE_229,AE_229_6_passive_AC.pickle,119,6,1.3902847571189278
810,AE_229,AE_229_6_passive_AC.pickle,124,6,2.412060301507539
811,AE_229,AE_229_6_passive_AC.pickle,129,6,16.683417085427127
812,AE_229,AE_229_6_passive_AC.pickle,131,6,2.3953098827470716
813,AE_229,AE_229_6_passive_AC.pickle,132,6,11.993299832495811
814,AE_229,AE_229_6_passive_AC.pickle,133,6,0.6976744186046513
815,AE_229,AE_229_6_passive_AC.pickle,134,6,3.919597989949748
816,AE_229,AE_229_6_passive_AC.pickle,136,6,6.538461538461541
817,AE_229,AE_229_6_passive_AC.pickle,138,6,0.9212730318257957
818,AE_229,AE_229_6_passive_AC.pickle,141,6,0.8022922636103151
819,AE_229,AE_229_6_passive_AC.pickle,144,6,5.323193916349811
820,AE_229,AE_229_6_passive_AC.pickle,146,6,0.8661417322834645
821,AE_229,AE_229_6_passive_AC.pickle,147,6,1.7792068595927115
822,AE_229,AE_229_6_passive_AC.pickle,153,6,15.962441314553987
823,AE_229,AE_229_6_passive_AC.pickle,156,6,0.9715242881072027
824,AE_229,AE_229_6_passive_AC.pickle,158,6,27.973199329983245
825,AE_294,AE_294_2_passive_AC.pickle,1,3,1.907630522088353
826,AE_294,AE_294_2_passive_AC.pickle,6,3,53.1155778894472
827,AE_294,AE_294_2_passive_AC.pickle,28,3,3.4400948991696363
828,AE_294,AE_294_2_passive_AC.pickle,31,3,2.914572864321609
829,AE_294,AE_294_2_passive_AC.pickle,32,3,27.453936348408728
830,AE_294,AE_294_2_passive_AC.pickle,33,3,6.867671691792299
831,AE_294,AE_294_2_passive_AC.pickle,35,3,3.182579564489111
832,AE_294,AE_294_2_passive_AC.pickle,51,3,1.8618618618618614
833,AE_294,AE_294_2_passive_AC.pickle,52,3,60.50251256281406
834,AE_294,AE_294_2_passive_AC.pickle,56,3,6.5661641541038485
835,AE_294,AE_294_2_passive_AC.pickle,63,3,14.472361809045218
836,AE_294,AE_294_2_passive_AC.pickle,75,3,11.316526610644257
837,AE_294,AE_294_2_passive_AC.pickle,112,3,5.326633165829141
838,AE_294,AE_294_2_passive_AC.pickle,113,3,1.1612903225806455
839,AE_294,AE_294_2_passive_AC.pickle,123,3,42.39530988274706
840,AE_294,AE_294_2_passive_AC.pickle,144,3,0.8877721943048563
841,AE_294,AE_294_2_passive_AC.pickle,158,3,5.393634840871017
842,AE_294,AE_294_2_passive_AC.pickle,169,3,5.607064017660042
843,AE_294,AE_294_2_passive_AC.pickle,170,3,4.037940379403795
844,AE_294,AE_294_2_passive_AC.pickle,171,3,3.3933161953727504
845,AE_294,AE_294_2_passive_AC.pickle,190,3,10.150753768844226
846,AE_294,AE_294_2_passive_AC.pickle,191,3,14.187604690117247
847,AE_294,AE_294_2_passive_AC.pickle,206,3,4.315476190476188
848,AE_294,AE_294_2_passive_AC.pickle,242,3,10.603015075376893
849,AE_294,AE_294_2_passive_AC.pickle,264,3,4.941373534338353
850,AE_294,AE_294_2_passive_AC.pickle,266,3,4.706867671691782
851,AE_294,AE_294_2_passive_AC.pickle,273,3,2.0449897750511252
852,AE_294,AE_294_2_passive_AC.pickle,276,3,0.8414239482200647
853,AE_294,AE_294_2_passive_AC.pickle,280,3,7.766323024054981
854,AE_294,AE_294_2_passive_AC.pickle,310,3,9.501312335958003
855,AE_294,AE_294_2_passive_AC.pickle,315,3,0.9892473118279569
856,AE_294,AE_294_2_passive_AC.pickle,328,3,0.7797270955165693
857,AE_294,AE_294_2_passive_AC.pickle,338,3,8.90547263681592
858,AE_294,AE_294_2_passive_AC.pickle,348,3,10.190476190476181
859,AE_294,AE_294_2_passive_AC.pickle,350,3,6.860841423948221
860,AE_294,AE_294_2_passive_AC.pickle,351,3,2.8671328671328675
861,AE_294,AE_294_2_passive_AC.pickle,354,3,4.422110552763817
862,AE_294,AE_294_2_passive_AC.pickle,355,3,8.962075848303394
863,AE_294,AE_294_2_passive_AC.pickle,356,3,28.301886792452827
864,AE_294,AE_294_2_passive_AC.pickle,359,3,10.737018425460633
865,AE_294,AE_294_2_passive_AC.pickle,360,3,2.479061976549412
866,AE_294,AE_294_2_passive_AC.pickle,361,3,9.456681350954474
867,AE_294,AE_294_2_passive_AC.pickle,362,3,6.834170854271361
868,AE_294,AE_294_2_passive_AC.pickle,363,3,3.7439613526570055
869,AE_294,AE_294_2_passive_AC.pickle,364,3,1.5503875968992245
870,AE_294,AE_294_2_passive_AC.pickle,365,3,10.95238095238095
871,AE_294,AE_294_2_passive_AC.pickle,368,3,7.534516765285997
872,TH_200,TH_200_4_passive_AC.pickle,5,6,3.6835278858625164
873,TH_200,TH_200_4_passive_AC.pickle,13,6,5.652173913043473
874,TH_200,TH_200_4_passive_AC.pickle,16,6,9.715242881072045
875,TH_200,TH_200_4_passive_AC.pickle,45,6,7.365079365079363
876,TH_200,TH_200_4_passive_AC.pickle,56,6,5.326633165829141
877,TH_200,TH_200_4_passive_AC.pickle,57,6,13.752093802345058
878,TH_200,TH_200_4_passive_AC.pickle,77,6,5.09212730318258
879,TH_200,TH_200_4_passive_AC.pickle,82,6,3.884057971014492
880,TH_200,TH_200_4_passive_AC.pickle,87,6,0.9296148738379816
881,TH_200,TH_200_4_passive_AC.pickle,89,6,27.571189279732028
882,TH_200,TH_200_4_passive_AC.pickle,108,6,6.532663316582916
883,TH_200,TH_200_4_passive_AC.pickle,109,6,0.8937198067632857
884,TH_200,TH_200_4_passive_AC.pickle,122,6,3.350083752093799
885,TH_200,TH_200_4_passive_AC.pickle,147,6,6.799999999999998
886,TH_200,TH_200_4_passive_AC.pickle,157,6,1.1233211233211235
887,TH_200,TH_200_4_passive_AC.pickle,159,6,8.07207207207207
888,TH_200,TH_200_4_passive_AC.pickle,167,6,1.2293144208037825
889,TH_200,TH_200_4_passive_AC.pickle,168,6,1.8181818181818183
890,TH_200,TH_200_4_passive_AC.pickle,170,6,2.23938223938224
891,TH_200,TH_200_4_passive_AC.pickle,173,6,3.8428874734607206
892,TH_200,TH_200_4_passive_AC.pickle,174,6,1.8912529550827424
893,TH_200,TH_200_4_passive_AC.pickle,176,6,0.6037735849056604
894,TH_200,TH_200_4_passive_AC.pickle,177,6,6.38783269961977
895,TH_200,TH_200_4_passive_AC.pickle,180,6,4.461152882205513
896,TH_200,TH_200_4_passive_AC.pickle,189,6,9.980276134122292
897,TH_200,TH_200_4_passive_AC.pickle,197,6,5.717171717171712
898,TH_200,TH_200_4_passive_AC.pickle,199,6,5.0626566416040095
899,TH_200,TH_200_4_passive_AC.pickle,205,6,1.7647058823529405
900,TH_230,TH_230_7_passive_AC.pickle,3,6,9.949748743718606
901,TH_230,TH_230_7_passive_AC.pickle,5,6,5.316091954022989
902,TH_230,TH_230_7_passive_AC.pickle,11,6,19.3299832495812
903,TH_230,TH_230_7_passive_AC.pickle,13,6,35.22613065326636
904,TH_230,TH_230_7_passive_AC.pickle,25,6,7.116402116402116
905,TH_230,TH_230_7_passive_AC.pickle,27,6,1.2398373983739837
906,TH_230,TH_230_7_passive_AC.pickle,33,6,20.16
907,TH_200,TH_200_6_passive_AC.pickle,5,6,1.7085427135678397
908,TH_200,TH_200_6_passive_AC.pickle,8,6,1.5410385259631494
909,TH_200,TH_200_6_passive_AC.pickle,10,6,6.448911222780568
910,TH_200,TH_200_6_passive_AC.pickle,12,6,6.448911222780571
911,TH_200,TH_200_6_passive_AC.pickle,14,6,4.756554307116099
912,TH_200,TH_200_6_passive_AC.pickle,25,6,2.985074626865669
913,TH_200,TH_200_6_passive_AC.pickle,50,6,2.6800670016750456
914,TH_200,TH_200_6_passive_AC.pickle,51,6,1.1368015414258186
915,TH_200,TH_200_6_passive_AC.pickle,52,6,1.2227805695142393
916,TH_200,TH_200_1_passive_AC.pickle,0,5,8.006700167504187
917,TH_200,TH_200_1_passive_AC.pickle,1,5,2.6800670016750385
918,TH_200,TH_200_1_passive_AC.pickle,85,5,11.892797319933004
919,TH_200,TH_200_1_passive_AC.pickle,92,5,9.815745393634849
920,TH_200,TH_200_1_passive_AC.pickle,95,5,1.887550200803213
921,TH_200,TH_200_1_passive_AC.pickle,137,5,9.357798165137611
922,TH_200,TH_200_1_passive_AC.pickle,145,5,5.765765765765766
923,TH_200,TH_200_1_passive_AC.pickle,147,5,7.150259067357513
924,TH_200,TH_200_1_passive_AC.pickle,151,5,2.3206751054852335
925,TH_200,TH_200_1_passive_AC.pickle,157,5,1.5075376884422096
926,TH_200,TH_200_1_passive_AC.pickle,167,5,2.562814070351761
927,TH_200,TH_200_1_passive_AC.pickle,168,5,1.107011070110703
928,TH_200,TH_200_1_passive_AC.pickle,169,5,0.5527638190954774
929,TH_200,TH_200_1_passive_AC.pickle,170,5,2.8810720268006698
930,TH_200,TH_200_1_passive_AC.pickle,171,5,8.113207547169813
931,TH_200,TH_200_1_passive_AC.pickle,200,5,4.0555555555555545
932,TH_200,TH_200_1_passive_AC.pickle,201,5,22.139303482587074
933,TH_200,TH_200_1_passive_AC.pickle,205,5,30.519262981574535
934,TH_200,TH_200_1_passive_AC.pickle,236,5,8.408710217755456
935,TH_200,TH_200_1_passive_AC.pickle,249,5,0.8966861598440544
936,TH_200,TH_200_1_passive_AC.pickle,251,5,2.787878787878788
937,TH_200,TH_200_1_passive_AC.pickle,254,5,2.7638190954773862
938,TH_200,TH_200_1_passive_AC.pickle,257,5,2.307692307692308
939,TH_200,TH_200_1_passive_AC.pickle,291,5,15.739837398373986
940,TH_200,TH_200_1_passive_AC.pickle,294,5,1.6815034619188924
941,TH_200,TH_200_1_passive_AC.pickle,308,5,13.500837520938019
942,TH_200,TH_200_1_passive_AC.pickle,315,5,5.393634840871026
943,AE_294,AE_294_3_passive_AC.pickle,1,4,7.721943048576214
944,AE_294,AE_294_3_passive_AC.pickle,3,4,11.340033500837517
945,AE_294,AE_294_3_passive_AC.pickle,4,4,4.807370184254608
946,AE_294,AE_294_3_passive_AC.pickle,7,4,3.9195979899497546
947,AE_294,AE_294_3_passive_AC.pickle,8,4,11.974842767295604
948,AE_294,AE_294_3_passive_AC.pickle,9,4,1.8927973199329975
949,AE_294,AE_294_3_passive_AC.pickle,11,4,6.299212598425195
950,AE_294,AE_294_3_passive_AC.pickle,15,4,6.063651591289779
951,AE_294,AE_294_3_passive_AC.pickle,16,4,2.864321608040201
952,AE_294,AE_294_3_passive_AC.pickle,18,4,2.8763440860215064
953,AE_294,AE_294_3_passive_AC.pickle,25,4,1.8352059925093627
954,AE_294,AE_294_3_passive_AC.pickle,27,4,2.717948717948717
955,AE_294,AE_294_3_passive_AC.pickle,30,4,2.093802345058624
956,AE_294,AE_294_3_passive_AC.pickle,45,4,41.239530988274694
957,AE_294,AE_294_3_passive_AC.pickle,47,4,49.514237855946405
958,AE_294,AE_294_3_passive_AC.pickle,52,4,2.0938023450586267
959,AE_294,AE_294_3_passive_AC.pickle,56,4,1.9589257503949449
960,AE_294,AE_294_3_passive_AC.pickle,58,4,0.8333333333333335
961,AE_294,AE_294_3_passive_AC.pickle,59,4,2.244556113902847
962,AE_294,AE_294_3_passive_AC.pickle,63,4,1.646341463414635
963,AE_294,AE_294_3_passive_AC.pickle,64,4,6.231155778894473
964,AE_294,AE_294_3_passive_AC.pickle,68,4,12.247557003257333
965,AE_294,AE_294_3_passive_AC.pickle,70,4,1.2060301507537694
966,AE_294,AE_294_3_passive_AC.pickle,74,4,2.499999999999999
967,AE_294,AE_294_3_passive_AC.pickle,79,4,2.780569514237856
968,AE_294,AE_294_3_passive_AC.pickle,87,4,17.655677655677643
969,AE_294,AE_294_3_passive_AC.pickle,88,4,4.2884990253411335
970,AE_294,AE_294_3_passive_AC.pickle,89,4,0.9714285714285716
971,AE_294,AE_294_3_passive_AC.pickle,91,4,2.763819095477386
972,AE_294,AE_294_3_passive_AC.pickle,93,4,12.729384436701524
973,AE_294,AE_294_3_passive_AC.pickle,96,4,1.3232830820770518
974,AE_294,AE_294_3_passive_AC.pickle,97,4,6.197654941373529
975,AE_294,AE_294_3_passive_AC.pickle,100,4,4.740368509212729
976,AE_294,AE_294_3_passive_AC.pickle,101,4,0.8743169398907104
977,AE_294,AE_294_3_passive_AC.pickle,102,4,8.626465661641548
978,AE_294,AE_294_3_passive_AC.pickle,103,4,11.289782244556122
979,AE_294,AE_294_3_passive_AC.pickle,105,4,1.75787728026534
980,AE_294,AE_294_3_passive_AC.pickle,107,4,0.6197654941373537
981,AE_294,AE_294_3_passive_AC.pickle,108,4,6.046901172529308
982,AE_294,AE_294_3_passive_AC.pickle,111,4,1.0135135135135134
983,AE_294,AE_294_3_passive_AC.pickle,117,4,0.9523809523809524
984,AE_294,AE_294_3_passive_AC.pickle,130,4,4.1373534338358455
985,AE_294,AE_294_3_passive_AC.pickle,140,4,2.023809523809524
986,AE_294,AE_294_3_passive_AC.pickle,143,4,1.1746031746031744
987,AE_294,AE_294_3_passive_AC.pickle,144,4,0.6399999999999999
988,AE_294,AE_294_3_passive_AC.pickle,147,4,1.2672176308539944
989,AE_294,AE_294_3_passive_AC.pickle,151,4,1.7587939698492472
990,AE_294,AE_294_3_passive_AC.pickle,152,4,0.9838846480067853
991,AE_294,AE_294_3_passive_AC.pickle,153,4,3.391405342624855
992,AE_294,AE_294_3_passive_AC.pickle,157,4,0.4837013669821239
993,AE_294,AE_294_3_passive_AC.pickle,160,4,7.9396984924623135
994,AE_294,AE_294_3_passive_AC.pickle,162,4,4.16666666666667
995,AE_294,AE_294_3_passive_AC.pickle,165,4,0.9254013220018887
996,AE_294,AE_294_3_passive_AC.pickle,168,4,5.611390284757124
997,AE_294,AE_294_3_passive_AC.pickle,169,4,5.265151515151515
998,AE_294,AE_294_3_passive_AC.pickle,170,4,0.39215686274509814
999,AE_294,AE_294_3_passive_AC.pickle,171,4,11.624790619765504
1000,AE_294,AE_294_3_passive_AC.pickle,174,4,2.646566164154106
1001,AE_294,AE_294_3_passive_AC.pickle,175,4,1.926298157453935
1002,AE_294,AE_294_3_passive_AC.pickle,177,4,45.40293040293041
1003,AE_294,AE_294_3_passive_AC.pickle,181,4,0.5405405405405405
1004,AE_294,AE_294_3_passive_AC.pickle,183,4,9.947916666666668
1005,AE_294,AE_294_3_passive_AC.pickle,184,4,2.3391812865497097
1006,AE_294,AE_294_3_passive_AC.pickle,186,4,1.4055080721747377
1007,AE_294,AE_294_3_passive_AC.pickle,187,4,4.58190148911798
1008,AE_294,AE_294_3_passive_AC.pickle,193,4,0.7909604519774012
1009,AE_294,AE_294_3_passive_AC.pickle,202,4,2.538631346578366
1010,AE_294,AE_294_3_passive_AC.pickle,206,4,1.4405360134003349
1011,AE_294,AE_294_3_passive_AC.pickle,212,4,16.28140703517587
1012,TH_203,TH_203_2_passive_AC.pickle,23,1,1.3232830820770514
1013,TH_203,TH_203_2_passive_AC.pickle,24,1,0.47179487179487173
1014,TH_203,TH_203_2_passive_AC.pickle,34,1,4.65661641541038
1015,TH_203,TH_203_2_passive_AC.pickle,56,1,11.072026800670017
1016,TH_203,TH_203_2_passive_AC.pickle,68,1,5.745393634840871
1017,TH_203,TH_203_2_passive_AC.pickle,75,1,0.7537688442211052
1018,TH_203,TH_203_2_passive_AC.pickle,80,1,0.8710217755443881
1019,TH_203,TH_203_2_passive_AC.pickle,81,1,2.0964360587002093
1020,TH_203,TH_203_2_passive_AC.pickle,82,1,2.0603015075376887
1021,TH_203,TH_203_2_passive_AC.pickle,119,1,5.443886097152427
1022,TH_203,TH_203_2_passive_AC.pickle,125,1,1.1674347158218126
1023,TH_203,TH_203_2_passive_AC.pickle,127,1,22.110552763819108
1024,TH_203,TH_203_2_passive_AC.pickle,136,1,1.725293132328309
1025,TH_203,TH_203_2_passive_AC.pickle,145,1,1.3902847571189287
1026,TH_203,TH_203_2_passive_AC.pickle,149,1,4.891122278056952
1027,TH_203,TH_203_2_passive_AC.pickle,154,1,1.2179487179487183
1028,TH_203,TH_203_2_passive_AC.pickle,164,1,7.755443886097158
1029,TH_203,TH_203_2_passive_AC.pickle,174,1,1.4758269720101784
1030,TH_203,TH_203_2_passive_AC.pickle,177,1,7.5209380234505865
1031,TH_203,TH_203_2_passive_AC.pickle,188,1,1.2280701754385968
1032,TH_203,TH_203_2_passive_AC.pickle,196,1,2.445561139028475
1033,TH_203,TH_203_2_passive_AC.pickle,236,1,3.093681917211327
1034,TH_203,TH_203_2_passive_AC.pickle,240,1,0.43551088777219427
1035,TH_203,TH_203_2_passive_AC.pickle,253,1,0.7537688442211053
1036,TH_203,TH_203_2_passive_AC.pickle,273,1,7.688172043010755
1037,TH_200,TH_200_7_passive_AC.pickle,11,6,0.9380234505862651
1038,TH_233,TH_233_1_passive_AC.pickle,0,2,19.130434782608692
1039,TH_233,TH_233_1_passive_AC.pickle,17,2,25.963149078726975
1040,TH_233,TH_233_1_passive_AC.pickle,35,2,31.490787269681803
1041,TH_233,TH_233_1_passive_AC.pickle,36,2,20.804020100502502
1042,TH_233,TH_233_1_passive_AC.pickle,72,2,1.400208986415883
1043,TH_233,TH_233_1_passive_AC.pickle,73,2,8.142857142857142
1044,TH_233,TH_233_1_passive_AC.pickle,78,2,33.95238095238096
1045,TH_233,TH_233_1_passive_AC.pickle,82,2,3.7426900584795315
1046,TH_233,TH_233_1_passive_AC.pickle,87,2,1.6765285996055226
1047,TH_233,TH_233_1_passive_AC.pickle,91,2,1.0516431924882628
1048,TH_233,TH_233_1_passive_AC.pickle,94,2,2.9166666666666656
1049,TH_233,TH_233_1_passive_AC.pickle,100,2,2.9569892473118284
1050,TH_233,TH_233_1_passive_AC.pickle,147,2,8.023450586264667
1051,TH_233,TH_233_1_passive_AC.pickle,151,2,11.950354609929077
1052,TH_233,TH_233_1_passive_AC.pickle,155,2,30.620399579390103
1053,TH_233,TH_233_1_passive_AC.pickle,165,2,5.862646566164157
1054,TH_233,TH_233_1_passive_AC.pickle,169,2,1.3735343383584586
1055,TH_233,TH_233_1_passive_AC.pickle,180,2,1.2173913043478262
1056,TH_233,TH_233_1_passive_AC.pickle,182,2,4.878957169459964
1057,TH_233,TH_233_1_passive_AC.pickle,190,2,4.09982174688057
1058,TH_233,TH_233_1_passive_AC.pickle,192,2,8.85185185185185
1059,TH_233,TH_233_1_passive_AC.pickle,195,2,4.526967285587975
1060,TH_233,TH_233_1_passive_AC.pickle,198,2,5.56832694763729
1061,TH_233,TH_233_1_passive_AC.pickle,206,2,3.8993710691823904
1062,TH_233,TH_233_1_passive_AC.pickle,207,2,11.416122004357298
1063,TH_233,TH_233_1_passive_AC.pickle,215,2,27.520938023450597
1064,TH_233,TH_233_1_passive_AC.pickle,224,2,21.70854271356784
1065,TH_233,TH_233_1_passive_AC.pickle,233,2,31.775544388609706
1066,AE_229,AE_229_1_passive_AC.pickle,0,5,27.757936507936506
1067,AE_229,AE_229_1_passive_AC.pickle,6,5,2.2780569514237836
1068,AE_229,AE_229_1_passive_AC.pickle,7,5,4.833997343957504
1069,AE_229,AE_229_1_passive_AC.pickle,9,5,10.485762144053616
1070,AE_229,AE_229_1_passive_AC.pickle,10,5,17.567316620241403
1071,AE_229,AE_229_1_passive_AC.pickle,14,5,12.328308207705186
1072,AE_229,AE_229_1_passive_AC.pickle,24,5,4.355108877721943
1073,AE_229,AE_229_1_passive_AC.pickle,25,5,33.95309882747072
1074,AE_229,AE_229_1_passive_AC.pickle,26,5,4.539363484087104
1075,AE_229,AE_229_1_passive_AC.pickle,27,5,0.8542713567839197
1076,AE_229,AE_229_1_passive_AC.pickle,33,5,4.958123953098829
1077,AE_229,AE_229_1_passive_AC.pickle,34,5,39.932998324958156
1078,AE_229,AE_229_1_passive_AC.pickle,36,5,8.291457286432165
1079,AE_229,AE_229_1_passive_AC.pickle,39,5,2.663316582914572
1080,AE_229,AE_229_1_passive_AC.pickle,45,5,4.103852596314908
1081,AE_229,AE_229_1_passive_AC.pickle,50,5,6.764705882352941
1082,AE_229,AE_229_1_passive_AC.pickle,52,5,1.2897822445561142
1083,AE_229,AE_229_1_passive_AC.pickle,56,5,61.55778894472361
1084,AE_229,AE_229_1_passive_AC.pickle,59,5,1.8000000000000003
1085,AE_229,AE_229_1_passive_AC.pickle,63,5,5.8961474036850925
1086,AE_229,AE_229_1_passive_AC.pickle,64,5,61.27303182579564
1087,AE_229,AE_229_1_passive_AC.pickle,67,5,15.10887772194304
1088,AE_229,AE_229_1_passive_AC.pickle,76,5,10.016750418760475
1089,AE_229,AE_229_1_passive_AC.pickle,81,5,0.8207705192629817
1090,AE_229,AE_229_1_passive_AC.pickle,82,5,1.5577889447236175
1091,AE_229,AE_229_1_passive_AC.pickle,86,5,5.661641541038529
1092,AE_229,AE_229_1_passive_AC.pickle,88,5,2.830820770519263
1093,AE_229,AE_229_1_passive_AC.pickle,90,5,5.812395309882747
1094,AE_229,AE_229_1_passive_AC.pickle,92,5,2.4790619765494175
1095,AE_229,AE_229_1_passive_AC.pickle,98,5,0.9732360097323601
1096,AE_229,AE_229_1_passive_AC.pickle,117,5,1.9666666666666666
1097,AE_229,AE_229_1_passive_AC.pickle,123,5,2.8978224455611388
1098,AE_229,AE_229_1_passive_AC.pickle,128,5,1.423785594639866
1099,AE_229,AE_229_1_passive_AC.pickle,132,5,1.0217755443886096
1100,AE_229,AE_229_1_passive_AC.pickle,139,5,7.53768844221107
1101,AE_229,AE_229_1_passive_AC.pickle,140,5,2.2110552763819067
1102,AE_229,AE_229_1_passive_AC.pickle,144,5,4.237855946398662
1103,AE_229,AE_229_1_passive_AC.pickle,147,5,2.0833333333333335
1104,AE_229,AE_229_1_passive_AC.pickle,150,5,2.1779548472775567
1105,AE_229,AE_229_1_passive_AC.pickle,156,5,29.815745393634888
1106,AE_229,AE_229_1_passive_AC.pickle,158,5,20.954773869346734
1107,AE_229,AE_229_1_passive_AC.pickle,160,5,3.601340033500842
1108,AE_229,AE_229_1_passive_AC.pickle,162,5,4.371859296482411
1109,AE_229,AE_229_1_passive_AC.pickle,166,5,5.8626465661641545
1110,AE_229,AE_229_1_passive_AC.pickle,169,5,0.7035175879396991
1111,AE_229,AE_229_1_passive_AC.pickle,170,5,1.7715617715617709
1112,AE_229,AE_229_1_passive_AC.pickle,172,5,4.305555555555552
1113,AE_229,AE_229_1_passive_AC.pickle,185,5,2.3068050749711615
1114,AE_229,AE_229_1_passive_AC.pickle,186,5,2.817610062893081
1115,AE_229,AE_229_1_passive_AC.pickle,189,5,6.1306532663316595
1116,AE_229,AE_229_1_passive_AC.pickle,191,5,0.926916221033868
1117,AE_229,AE_229_1_passive_AC.pickle,192,5,0.9291521486643437
1118,AE_229,AE_229_1_passive_AC.pickle,198,5,4.606365159128981
1119,AE_229,AE_229_1_passive_AC.pickle,202,5,2.0268006700167485
1120,AE_229,AE_229_1_passive_AC.pickle,203,5,2.421768707482993
1121,AE_229,AE_229_1_passive_AC.pickle,211,5,6.0134003350083765
1122,AE_229,AE_229_1_passive_AC.pickle,230,5,3.7353433835845875
1123,AE_229,AE_229_1_passive_AC.pickle,255,5,1.7066666666666666
1124,AE_229,AE_229_1_passive_AC.pickle,265,5,3.333333333333335
1125,AE_229,AE_229_1_passive_AC.pickle,268,5,6.325369738339022
1126,AE_229,AE_229_1_passive_AC.pickle,271,5,32.10045662100457
1127,AE_229,AE_229_1_passive_AC.pickle,275,5,0.6993006993006994
1128,AE_229,AE_229_1_passive_AC.pickle,276,5,2.0408163265306114
1129,AE_229,AE_229_1_passive_AC.pickle,282,5,2.471264367816092
1130,AE_229,AE_229_1_passive_AC.pickle,287,5,1.7575757575757576
1131,AE_229,AE_229_1_passive_AC.pickle,290,5,4.038929440389293
1132,AE_229,AE_229_1_passive_AC.pickle,293,5,2.952646239554317
1133,AE_229,AE_229_1_passive_AC.pickle,298,5,1.273031825795645
1134,AE_229,AE_229_1_passive_AC.pickle,306,5,4.824120603015072
1135,AE_229,AE_229_1_passive_AC.pickle,308,5,8.38541666666667
1136,AE_229,AE_229_1_passive_AC.pickle,325,5,5.192629815745391
1137,AE_229,AE_229_1_passive_AC.pickle,327,5,1.3740458015267172
1138,AE_229,AE_229_1_passive_AC.pickle,329,5,0.4666666666666666
1139,AE_229,AE_229_1_passive_AC.pickle,345,5,8.693467336683417
1140,AE_229,AE_229_1_passive_AC.pickle,346,5,0.6700167504187601
1141,AE_229,AE_229_1_passive_AC.pickle,347,5,7.685589519650654
1142,AE_229,AE_229_1_passive_AC.pickle,355,5,3.7981407702523224
1143,AE_229,AE_229_1_passive_AC.pickle,358,5,1.0178117048346056
1144,AE_229,AE_229_1_passive_AC.pickle,371,5,2.613065326633165
1145,AE_229,AE_229_1_passive_AC.pickle,377,5,1.5384615384615385
1146,AE_229,AE_229_1_passive_AC.pickle,382,5,34.225721784776916
1147,AE_229,AE_229_1_passive_AC.pickle,393,5,10.564102564102578
1148,AE_229,AE_229_1_passive_AC.pickle,396,5,2.1608040201005014
1149,AE_229,AE_229_1_passive_AC.pickle,398,5,2.9313232830820772
1150,LA_204,LA_204_6_passive_AC.pickle,6,5,4.2261904761904745
1151,LA_204,LA_204_6_passive_AC.pickle,9,5,11.758793969849247
1152,LA_204,LA_204_6_passive_AC.pickle,10,5,4.5226130653266265
1153,LA_204,LA_204_6_passive_AC.pickle,12,5,29.614740368509292
1154,LA_204,LA_204_6_passive_AC.pickle,13,5,4.37185929648241
1155,LA_204,LA_204_6_passive_AC.pickle,14,5,13.294117647058824
1156,LA_204,LA_204_6_passive_AC.pickle,16,5,1.0513739545997605
1157,LA_204,LA_204_6_passive_AC.pickle,18,5,12.428810720268007
1158,LA_204,LA_204_6_passive_AC.pickle,19,5,4.6566164154103875
1159,LA_204,LA_204_6_passive_AC.pickle,32,5,21.189279731993302
1160,LA_204,LA_204_6_passive_AC.pickle,39,5,2.484848484848484
1161,LA_204,LA_204_6_passive_AC.pickle,40,5,1.518987341772152
1162,LA_204,LA_204_6_passive_AC.pickle,41,5,7.7554438860971615
1163,LA_204,LA_204_6_passive_AC.pickle,43,5,8.475711892797325
1164,LA_204,LA_204_6_passive_AC.pickle,45,5,7.487437185929653
1165,LA_204,LA_204_6_passive_AC.pickle,47,5,1.0385259631490793
1166,LA_204,LA_204_6_passive_AC.pickle,48,5,1.2873563218390804
1167,LA_205,LA_205_4_passive_AC.pickle,10,4,2.3283082077051933
1168,LA_205,LA_205_4_passive_AC.pickle,11,4,3.718592964824127
1169,LA_205,LA_205_4_passive_AC.pickle,20,4,5.075376884422101
1170,LA_205,LA_205_4_passive_AC.pickle,24,4,0.48576214405360124
1171,LA_205,LA_205_4_passive_AC.pickle,27,4,17.470686767169166
1172,LA_205,LA_205_4_passive_AC.pickle,28,4,8.44221105527639
1173,LA_205,LA_205_4_passive_AC.pickle,31,4,21.809045226130642
1174,LA_205,LA_205_4_passive_AC.pickle,41,4,2.0770519262981586
1175,LA_205,LA_205_4_passive_AC.pickle,42,4,4.857621440536008
1176,LA_205,LA_205_4_passive_AC.pickle,54,4,1.23730378578024
1177,LA_205,LA_205_4_passive_AC.pickle,55,4,1.3065326633165832
1178,LA_205,LA_205_4_passive_AC.pickle,56,4,3.9698492462311528
1179,LA_205,LA_205_4_passive_AC.pickle,69,4,2.512562814070354
1180,LA_205,LA_205_4_passive_AC.pickle,70,4,3.232830820770523
1181,LA_205,LA_205_4_passive_AC.pickle,71,4,1.4740368509212718
1182,LA_205,LA_205_4_passive_AC.pickle,73,4,2.964824120603016
1183,LA_205,LA_205_4_passive_AC.pickle,74,4,7.925925925925932
1184,LA_205,LA_205_4_passive_AC.pickle,75,4,20.067001675041865
1185,LA_205,LA_205_4_passive_AC.pickle,80,4,0.5315614617940201
1186,LA_205,LA_205_4_passive_AC.pickle,95,4,0.6514657980456026
1187,LA_205,LA_205_4_passive_AC.pickle,99,4,23.618090452261303
1188,LA_205,LA_205_4_passive_AC.pickle,100,4,1.5075376884422103
1189,LA_205,LA_205_4_passive_AC.pickle,101,4,3.1993299832495827
1190,LA_205,LA_205_4_passive_AC.pickle,103,4,16.465661641541033
1191,LA_205,LA_205_4_passive_AC.pickle,104,4,1.775544388609714
1192,LA_205,LA_205_4_passive_AC.pickle,107,4,2.2948073701842535
1193,LA_205,LA_205_4_passive_AC.pickle,111,4,13.18257956448911
1194,LA_205,LA_205_4_passive_AC.pickle,112,4,1.6080402010050254
1195,LA_205,LA_205_4_passive_AC.pickle,113,4,0.48109965635738866
1196,LA_205,LA_205_4_passive_AC.pickle,114,4,36.281407035175924
1197,LA_205,LA_205_4_passive_AC.pickle,115,4,3.4505862646566183
1198,LA_205,LA_205_4_passive_AC.pickle,116,4,3.4170854271356803
1199,LA_205,LA_205_4_passive_AC.pickle,117,4,2.275449101796407
1200,LA_205,LA_205_4_passive_AC.pickle,119,4,12.365591397849464
1201,LA_205,LA_205_4_passive_AC.pickle,120,4,0.9803921568627453
1202,LA_205,LA_205_4_passive_AC.pickle,123,4,7.972027972027972
1203,LA_205,LA_205_4_passive_AC.pickle,126,4,2.2556390977443614
1204,LA_205,LA_205_4_passive_AC.pickle,132,4,0.5755395683453237
1205,LA_205,LA_205_4_passive_AC.pickle,135,4,1.7085427135678395
1206,LA_205,LA_205_4_passive_AC.pickle,141,4,2.7303182579564496
1207,TH_234,TH_234_2_passive_AC.pickle,6,2,1.6582914572864318
1208,TH_234,TH_234_2_passive_AC.pickle,11,2,12.672176308539946
1209,TH_234,TH_234_2_passive_AC.pickle,22,2,7.705192629815737
1210,TH_234,TH_234_2_passive_AC.pickle,24,2,14.265232974910397
1211,TH_234,TH_234_2_passive_AC.pickle,29,2,63.78787878787878
1212,TH_234,TH_234_2_passive_AC.pickle,36,2,28.090452261306528
1213,TH_234,TH_234_2_passive_AC.pickle,40,2,1.4859437751004012
1214,TH_234,TH_234_2_passive_AC.pickle,53,2,6.716917922948074
1215,TH_234,TH_234_2_passive_AC.pickle,68,2,5.578231292517005
1216,TH_234,TH_234_2_passive_AC.pickle,71,2,5.88996763754045
1217,TH_234,TH_234_2_passive_AC.pickle,80,2,3.484087102177555
1218,TH_234,TH_234_2_passive_AC.pickle,90,2,1.6750418760469006
1219,TH_234,TH_234_2_passive_AC.pickle,92,2,2.1238938053097356
1220,TH_234,TH_234_2_passive_AC.pickle,110,2,1.3556174558960072
1221,TH_234,TH_234_2_passive_AC.pickle,116,2,5.27638190954774
1222,TH_234,TH_234_2_passive_AC.pickle,118,2,1.8787878787878787
1223,TH_234,TH_234_2_passive_AC.pickle,127,2,3.919597989949744
1224,TH_234,TH_234_2_passive_AC.pickle,131,2,13.8860971524288
1225,TH_234,TH_234_2_passive_AC.pickle,132,2,1.5011037527593822
1226,TH_234,TH_234_2_passive_AC.pickle,135,2,0.8134394341290899
1227,TH_234,TH_234_2_passive_AC.pickle,137,2,2.9385964912280715
1228,TH_234,TH_234_2_passive_AC.pickle,138,2,2.4455611390284773
1229,TH_234,TH_234_2_passive_AC.pickle,142,2,2.696817420435509
1230,TH_234,TH_234_2_passive_AC.pickle,146,2,3.7855946398659963
1231,TH_234,TH_234_2_passive_AC.pickle,151,2,4.5896147403685115
1232,TH_234,TH_234_2_passive_AC.pickle,153,2,2.428810720268005
1233,TH_234,TH_234_2_passive_AC.pickle,155,2,0.9132420091324199
1234,TH_234,TH_234_2_passive_AC.pickle,157,2,29.380234505862653
1235,TH_234,TH_234_2_passive_AC.pickle,160,2,3.584589614740365
1236,TH_234,TH_234_2_passive_AC.pickle,161,2,5.879396984924625
1237,TH_234,TH_234_2_passive_AC.pickle,162,2,1.088777219430486
1238,TH_234,TH_234_2_passive_AC.pickle,176,2,1.87604690117253
1239,TH_234,TH_234_2_passive_AC.pickle,177,2,2.6465661641541027
1240,TH_234,TH_234_2_passive_AC.pickle,178,2,2.6800670016750394
1241,TH_234,TH_234_2_passive_AC.pickle,179,2,1.1796982167352539
1242,TH_234,TH_234_2_passive_AC.pickle,181,2,0.5862646566164152
1243,TH_234,TH_234_2_passive_AC.pickle,199,2,0.4020100502512561
1244,TH_234,TH_234_2_passive_AC.pickle,200,2,1.5912897822445569
1245,TH_234,TH_234_2_passive_AC.pickle,207,2,0.557103064066852
1246,TH_234,TH_234_2_passive_AC.pickle,212,2,23.29140461215931
1247,TH_234,TH_234_2_passive_AC.pickle,226,2,27.08542713567838
1248,TH_234,TH_234_2_passive_AC.pickle,227,2,3.3668341708542706
1249,TH_234,TH_234_2_passive_AC.pickle,250,2,4.221105527638183
1250,TH_234,TH_234_2_passive_AC.pickle,261,2,0.5643738977072312
1251,TH_234,TH_234_2_passive_AC.pickle,262,2,0.5360134003350078
1252,TH_234,TH_234_2_passive_AC.pickle,266,2,6.164154103852596
1253,TH_234,TH_234_2_passive_AC.pickle,273,2,0.9876543209876545
1254,TH_234,TH_234_2_passive_AC.pickle,274,2,0.651851851851852
1255,TH_234,TH_234_2_passive_AC.pickle,279,2,1.9591836734693888
1256,TH_234,TH_234_2_passive_AC.pickle,287,2,20.08375209380235
1257,TH_234,TH_234_2_passive_AC.pickle,291,2,10.083752093802357
1258,TH_234,TH_234_2_passive_AC.pickle,300,2,20.938023450586247
1259,TH_234,TH_234_2_passive_AC.pickle,301,2,1.825795644891123
1260,TH_234,TH_234_2_passive_AC.pickle,305,2,1.0552763819095485
1261,TH_234,TH_234_2_passive_AC.pickle,306,2,2.1273031825795696
1262,TH_234,TH_234_2_passive_AC.pickle,307,2,3.735343383584593
1263,TH_234,TH_234_2_passive_AC.pickle,309,2,0.310880829015544
1264,TH_234,TH_234_2_passive_AC.pickle,311,2,1.9262981574539368
1265,TH_234,TH_234_2_passive_AC.pickle,313,2,0.6419753086419753
1266,TH_234,TH_234_2_passive_AC.pickle,314,2,0.6703910614525139
1267,TH_234,TH_234_2_passive_AC.pickle,324,2,27.122807017543852
1268,TH_234,TH_234_2_passive_AC.pickle,328,2,0.7954545454545454
1269,TH_234,TH_234_2_passive_AC.pickle,334,2,0.7537688442211058
1270,TH_234,TH_234_2_passive_AC.pickle,335,2,31.084812623274164
1271,TH_234,TH_234_2_passive_AC.pickle,339,2,0.8932461873638343
1272,TH_234,TH_234_2_passive_AC.pickle,340,2,1.0880316518298714
1273,TH_234,TH_234_2_passive_AC.pickle,351,2,0.9378185524974518
1274,TH_234,TH_234_2_passive_AC.pickle,353,2,1.3400335008375217
1275,TH_234,TH_234_2_passive_AC.pickle,354,2,9.128978224455611
1276,TH_234,TH_234_2_passive_AC.pickle,355,2,1.6247906197654947
1277,TH_234,TH_234_2_passive_AC.pickle,356,2,22.981574539363482
1278,TH_234,TH_234_2_passive_AC.pickle,363,2,2.54606365159129
1279,TH_234,TH_234_2_passive_AC.pickle,364,2,34.020100502512534
1280,TH_234,TH_234_2_passive_AC.pickle,375,2,1.428571428571429
1281,TH_234,TH_234_2_passive_AC.pickle,379,2,1.0816125860373649
1282,TH_234,TH_234_2_passive_AC.pickle,384,2,17.236180904522612
1283,TH_234,TH_234_2_passive_AC.pickle,385,2,3.0988274706867673
1284,TH_234,TH_234_2_passive_AC.pickle,390,2,5.996649916247908
1285,TH_234,TH_234_2_passive_AC.pickle,405,2,1.4754098360655739
1286,TH_234,TH_234_2_passive_AC.pickle,407,2,1.6247906197654938
1287,TH_234,TH_234_2_passive_AC.pickle,409,2,4.1111111111111125
1288,TH_234,TH_234_2_passive_AC.pickle,410,2,4.7906197654941405
1289,TH_234,TH_234_2_passive_AC.pickle,411,2,1.189279731993301
1290,TH_234,TH_234_2_passive_AC.pickle,412,2,1.6341689879294328
1291,TH_200,TH_200_2_passive_AC.pickle,18,5,1.4572864321608048
1292,TH_200,TH_200_2_passive_AC.pickle,25,5,23.431952662721876
1293,TH_200,TH_200_2_passive_AC.pickle,36,5,17.58793969849246
1294,TH_200,TH_200_2_passive_AC.pickle,74,5,24.907872696817428
1295,TH_200,TH_200_2_passive_AC.pickle,79,5,1.7049808429118778
1296,TH_200,TH_200_2_passive_AC.pickle,94,5,2.868447082096934
1297,TH_230,TH_230_1_passive_AC.pickle,1,5,42.55451713395643
1298,TH_230,TH_230_1_passive_AC.pickle,7,5,6.515912897822446
1299,TH_230,TH_230_1_passive_AC.pickle,27,5,9.516539440203562
1300,TH_230,TH_230_1_passive_AC.pickle,30,5,7.855946398659972
1301,TH_230,TH_230_1_passive_AC.pickle,31,5,1.2395309882747059
1302,TH_230,TH_230_1_passive_AC.pickle,33,5,0.45751633986928086
1303,TH_230,TH_230_1_passive_AC.pickle,35,5,23.56756756756758
1304,TH_230,TH_230_1_passive_AC.pickle,38,5,107.61904761904762
1305,TH_230,TH_230_1_passive_AC.pickle,54,5,17.252931323283068
1306,TH_230,TH_230_1_passive_AC.pickle,69,5,4.984423676012462
1307,TH_230,TH_230_1_passive_AC.pickle,77,5,15.678391959798983
1308,TH_230,TH_230_1_passive_AC.pickle,79,5,0.593607305936073
1309,TH_230,TH_230_1_passive_AC.pickle,82,5,0.14403292181069957
1310,TH_230,TH_230_1_passive_AC.pickle,85,5,4.840871021775539
1311,TH_230,TH_230_1_passive_AC.pickle,94,5,19.38023450586265
1312,TH_230,TH_230_1_passive_AC.pickle,96,5,11.859296482412054
1313,TH_230,TH_230_1_passive_AC.pickle,102,5,0.8727948003714023
1314,TH_230,TH_230_1_passive_AC.pickle,108,5,41.273031825795655
1315,TH_230,TH_230_1_passive_AC.pickle,114,5,4.194053208137716
1316,TH_230,TH_230_1_passive_AC.pickle,119,5,0.9882747068676723
1317,TH_230,TH_230_1_passive_AC.pickle,120,5,2.37037037037037
1318,TH_230,TH_230_1_passive_AC.pickle,122,5,2.0603015075376883
1319,TH_230,TH_230_1_passive_AC.pickle,126,5,2.419753086419752
1320,TH_230,TH_230_1_passive_AC.pickle,136,5,25.510887772194305
1321,TH_230,TH_230_1_passive_AC.pickle,140,5,38.572719060523944
1322,TH_230,TH_230_1_passive_AC.pickle,143,5,5.460636515912896
1323,TH_230,TH_230_1_passive_AC.pickle,145,5,6.331658291457277
1324,TH_230,TH_230_1_passive_AC.pickle,146,5,3.5102040816326507
1325,TH_230,TH_230_1_passive_AC.pickle,149,5,2.613065326633167
1326,TH_230,TH_230_1_passive_AC.pickle,156,5,2.110552763819095
1327,TH_230,TH_230_1_passive_AC.pickle,165,5,22.757936507936506
1328,TH_230,TH_230_1_passive_AC.pickle,166,5,1.9483568075117363
1329,TH_230,TH_230_1_passive_AC.pickle,168,5,30.016750418760473
1330,TH_230,TH_230_1_passive_AC.pickle,169,5,5.37688442211055
1331,TH_230,TH_230_1_passive_AC.pickle,170,5,2.541966426858514
1332,TH_230,TH_230_1_passive_AC.pickle,173,5,2.035623409669211
1333,TH_230,TH_230_1_passive_AC.pickle,174,5,3.5678391959798925
1334,TH_230,TH_230_1_passive_AC.pickle,178,5,3.6013400335008354
1335,TH_230,TH_230_1_passive_AC.pickle,186,5,10.318257956448917
1336,TH_230,TH_230_1_passive_AC.pickle,187,5,34.57286432160803
1337,TH_230,TH_230_1_passive_AC.pickle,190,5,1.7105263157894732
1338,TH_230,TH_230_1_passive_AC.pickle,192,5,34.90787269681742
1339,TH_230,TH_230_1_passive_AC.pickle,201,5,3.9817974971558576
1340,TH_230,TH_230_1_passive_AC.pickle,203,5,1.757990867579908
1341,TH_230,TH_230_1_passive_AC.pickle,207,5,2.4086021505376345
1342,TH_230,TH_230_1_passive_AC.pickle,214,5,23.03182579564491
1343,TH_230,TH_230_1_passive_AC.pickle,219,5,2.436781609195402
1344,TH_230,TH_230_1_passive_AC.pickle,220,5,2.5396825396825404
1345,TH_230,TH_230_1_passive_AC.pickle,226,5,3.6507936507936503
1346,TH_230,TH_230_1_passive_AC.pickle,232,5,2.22780569514238
1347,TH_230,TH_230_1_passive_AC.pickle,244,5,5.796019900497508
1348,TH_230,TH_230_1_passive_AC.pickle,251,5,0.404040404040404
1349,TH_230,TH_230_1_passive_AC.pickle,259,5,6.805074971164934
1350,TH_230,TH_230_1_passive_AC.pickle,262,5,24.623115577889493
1351,TH_230,TH_230_1_passive_AC.pickle,263,5,8.601307189542485
1352,TH_230,TH_230_1_passive_AC.pickle,264,5,1.9676945668135088
1353,TH_230,TH_230_1_passive_AC.pickle,265,5,16.786188579017264
1354,TH_230,TH_230_1_passive_AC.pickle,271,5,9.04761904761905
1355,TH_230,TH_230_1_passive_AC.pickle,273,5,2.6274509803921573
1356,TH_230,TH_230_1_passive_AC.pickle,274,5,2.0268006700167516
1357,TH_230,TH_230_1_passive_AC.pickle,275,5,0.8695652173913043
1358,TH_230,TH_230_1_passive_AC.pickle,276,5,1.7829457364341084
1359,TH_230,TH_230_1_passive_AC.pickle,282,5,11.16339869281046
1360,TH_230,TH_230_1_passive_AC.pickle,289,5,2.5628140703517586
1361,TH_230,TH_230_1_passive_AC.pickle,302,5,2.228976697061805
1362,TH_230,TH_230_1_passive_AC.pickle,303,5,0.7789855072463776
1363,AE_229,AE_229_4_passive_AC.pickle,11,6,1.0720268006700162
1364,AE_229,AE_229_4_passive_AC.pickle,21,6,2.495812395309884
1365,AE_229,AE_229_4_passive_AC.pickle,29,6,50.485762144053616
1366,AE_229,AE_229_4_passive_AC.pickle,37,6,1.0027855153203338
1367,AE_229,AE_229_4_passive_AC.pickle,41,6,10.48576214405361
1368,AE_229,AE_229_4_passive_AC.pickle,42,6,39.66499162479064
1369,AE_229,AE_229_4_passive_AC.pickle,47,6,1.3400335008375204
1370,AE_229,AE_229_4_passive_AC.pickle,49,6,62.763819095477395
1371,AE_229,AE_229_4_passive_AC.pickle,57,6,11.49270482603817
1372,AE_229,AE_229_4_passive_AC.pickle,72,6,1.7818740399385562
1373,AE_229,AE_229_4_passive_AC.pickle,75,6,0.8710217755443886
1374,AE_229,AE_229_4_passive_AC.pickle,89,6,0.9547738693467337
1375,AE_229,AE_229_4_passive_AC.pickle,90,6,10.301507537688448
1376,AE_229,AE_229_4_passive_AC.pickle,91,6,0.7575757575757578
1377,AE_229,AE_229_4_passive_AC.pickle,93,6,2.357723577235772
1378,AE_229,AE_229_4_passive_AC.pickle,94,6,0.9977324263038551
1379,AE_229,AE_229_4_passive_AC.pickle,107,6,26.247906197654938
1380,AE_229,AE_229_4_passive_AC.pickle,114,6,3.7037037037037033
1381,AE_229,AE_229_4_passive_AC.pickle,123,6,12.110552763819094
1382,AE_229,AE_229_4_passive_AC.pickle,126,6,17.712418300653592
1383,AE_229,AE_229_4_passive_AC.pickle,129,6,35.37688442211054
1384,AE_229,AE_229_4_passive_AC.pickle,130,6,18.724168912848153
1385,TH_230,TH_230_6_passive_AC.pickle,1,6,4.1541038525963145
1386,TH_230,TH_230_6_passive_AC.pickle,3,6,0.7777777777777776
1387,TH_230,TH_230_6_passive_AC.pickle,20,6,0.90014064697609
1388,TH_230,TH_230_6_passive_AC.pickle,28,6,62.09380234505846
1389,TH_230,TH_230_6_passive_AC.pickle,38,6,0.5698005698005697
1390,TH_230,TH_230_6_passive_AC.pickle,44,6,11.098376313276038
1391,TH_230,TH_230_6_passive_AC.pickle,45,6,1.9483568075117372
1392,TH_230,TH_230_6_passive_AC.pickle,56,6,21.742043551088777
1393,TH_230,TH_230_6_passive_AC.pickle,58,6,9.633911368015411
1394,TH_230,TH_230_6_passive_AC.pickle,61,6,5.9966499162479066
1395,TH_230,TH_230_6_passive_AC.pickle,65,6,21.914414414414395
1396,TH_230,TH_230_6_passive_AC.pickle,72,6,3.7243947858472994
1397,TH_230,TH_230_6_passive_AC.pickle,102,6,0.9043112513144058
1398,TH_230,TH_230_6_passive_AC.pickle,126,6,25.69780853517877
1399,TH_230,TH_230_6_passive_AC.pickle,138,6,3.4968553459119502
1400,TH_230,TH_230_6_passive_AC.pickle,143,6,53.16582914572864
1401,TH_230,TH_230_6_passive_AC.pickle,144,6,35.513227513227505
1402,AE_229,AE_229_3_passive_AC.pickle,2,6,57.118927973199284
1403,AE_229,AE_229_3_passive_AC.pickle,3,6,36.71691792294808
1404,AE_229,AE_229_3_passive_AC.pickle,4,6,14.958123953098822
1405,AE_229,AE_229_3_passive_AC.pickle,9,6,4.0606060606060606
1406,AE_229,AE_229_3_passive_AC.pickle,10,6,8.542713567839199
1407,AE_229,AE_229_3_passive_AC.pickle,19,6,9.999999999999998
1408,AE_229,AE_229_3_passive_AC.pickle,25,6,1.8832391713747645
1409,AE_229,AE_229_3_passive_AC.pickle,39,6,1.3061224489795917
1410,AE_229,AE_229_3_passive_AC.pickle,40,6,4.388609715242886
1411,AE_229,AE_229_3_passive_AC.pickle,42,6,0.7162534435261707
1412,AE_229,AE_229_3_passive_AC.pickle,44,6,4.505862646566152
1413,AE_229,AE_229_3_passive_AC.pickle,47,6,8.442211055276395
1414,AE_229,AE_229_3_passive_AC.pickle,50,6,29.028475711892813
1415,AE_229,AE_229_3_passive_AC.pickle,51,6,7.11892797319933
1416,AE_229,AE_229_3_passive_AC.pickle,53,6,40.502512562814104
1417,AE_229,AE_229_3_passive_AC.pickle,56,6,5.075376884422104
1418,AE_229,AE_229_3_passive_AC.pickle,67,6,14.572864321608042
1419,AE_229,AE_229_3_passive_AC.pickle,74,6,3.0485762144053594
1420,AE_229,AE_229_3_passive_AC.pickle,77,6,3.4840871021775524
1421,AE_229,AE_229_3_passive_AC.pickle,83,6,1.0857142857142859
1422,AE_229,AE_229_3_passive_AC.pickle,86,6,0.5035971223021583
1423,AE_229,AE_229_3_passive_AC.pickle,92,6,7.805695142378562
1424,AE_229,AE_229_3_passive_AC.pickle,94,6,6.742424242424243
1425,AE_229,AE_229_3_passive_AC.pickle,99,6,12.96482412060302
1426,TH_201,TH_201_5_passive_AC.pickle,7,2,9.346733668341706
1427,TH_201,TH_201_5_passive_AC.pickle,8,2,23.17460317460317
1428,TH_201,TH_201_5_passive_AC.pickle,12,2,15.018726591760299
1429,TH_201,TH_201_5_passive_AC.pickle,27,2,16.94267515923567
1430,TH_201,TH_201_5_passive_AC.pickle,55,2,6.951423785594631
1431,TH_201,TH_201_5_passive_AC.pickle,58,2,1.7714285714285714
1432,TH_201,TH_201_5_passive_AC.pickle,59,2,0.7364341085271313
1433,TH_201,TH_201_5_passive_AC.pickle,60,2,10.954773869346747
1434,TH_201,TH_201_5_passive_AC.pickle,80,2,9.514237855946401
1435,TH_201,TH_201_5_passive_AC.pickle,83,2,32.65359477124181
1436,TH_201,TH_201_5_passive_AC.pickle,87,2,5.804597701149426
1437,TH_201,TH_201_5_passive_AC.pickle,89,2,0.8040201005025126
1438,TH_201,TH_201_5_passive_AC.pickle,105,2,10.351758793969854
1439,TH_201,TH_201_5_passive_AC.pickle,108,2,3.835845896147401
1440,TH_201,TH_201_5_passive_AC.pickle,115,2,1.0887772194304857
1441,TH_201,TH_201_5_passive_AC.pickle,120,2,0.5695142378559465
1442,TH_201,TH_201_5_passive_AC.pickle,125,2,34.50586264656617
1443,TH_201,TH_201_5_passive_AC.pickle,130,2,21.809045226130635
1444,TH_201,TH_201_5_passive_AC.pickle,135,2,1.6421568627450989
1445,TH_201,TH_201_5_passive_AC.pickle,144,2,1.855072463768116
1446,TH_201,TH_201_5_passive_AC.pickle,154,2,4.807370184254602
1447,TH_201,TH_201_5_passive_AC.pickle,158,2,2.5125628140703533
1448,TH_201,TH_201_5_passive_AC.pickle,161,2,16.93989071038251
1449,TH_201,TH_201_5_passive_AC.pickle,213,2,3.0469644902634587
1450,TH_201,TH_201_5_passive_AC.pickle,217,2,0.8902691511387161
1451,TH_201,TH_201_5_passive_AC.pickle,229,2,12.026800670016746
1452,TH_201,TH_201_5_passive_AC.pickle,231,2,0.5527638190954773
1453,TH_203,TH_203_5_passive_AC.pickle,7,2,13.249581239530988
1454,TH_203,TH_203_5_passive_AC.pickle,8,2,2.4623115577889445
1455,TH_203,TH_203_5_passive_AC.pickle,18,2,4.087102177554438
1456,TH_203,TH_203_5_passive_AC.pickle,19,2,1.1971104231166152
1457,TH_203,TH_203_5_passive_AC.pickle,21,2,1.088777219430486
1458,TH_203,TH_203_5_passive_AC.pickle,26,2,0.8666666666666665
1459,TH_203,TH_203_5_passive_AC.pickle,29,2,2.7901234567901234
1460,TH_203,TH_203_5_passive_AC.pickle,33,2,2.1105527638190935
1461,TH_203,TH_203_5_passive_AC.pickle,65,2,3.464419475655432
1462,TH_203,TH_203_5_passive_AC.pickle,69,2,29.346733668341727
1463,TH_203,TH_203_5_passive_AC.pickle,71,2,17.33668341708542
1464,TH_203,TH_203_5_passive_AC.pickle,77,2,12.057205720572068
1465,TH_203,TH_203_5_passive_AC.pickle,79,2,0.3125
1466,TH_203,TH_203_5_passive_AC.pickle,85,2,6.365159128978227
1467,TH_203,TH_203_5_passive_AC.pickle,96,2,0.7575757575757578
1468,TH_203,TH_203_5_passive_AC.pickle,105,2,2.998324958123954
1469,TH_203,TH_203_5_passive_AC.pickle,106,2,0.4020100502512567
1470,TH_203,TH_203_5_passive_AC.pickle,107,2,0.7700770077007701
1471,TH_203,TH_203_5_passive_AC.pickle,112,2,0.7537688442211047
1472,TH_203,TH_203_5_passive_AC.pickle,113,2,1.273031825795643
1473,TH_203,TH_203_5_passive_AC.pickle,117,2,1.3232830820770525
1474,TH_203,TH_203_5_passive_AC.pickle,120,2,4.288107202680064
1475,TH_203,TH_203_5_passive_AC.pickle,122,2,0.6365159128978222
1476,TH_203,TH_203_5_passive_AC.pickle,126,2,1.2624584717607974
1477,TH_203,TH_203_5_passive_AC.pickle,128,2,12.261306532663317
1478,TH_203,TH_203_5_passive_AC.pickle,130,2,1.3840830449826969
1479,TH_203,TH_203_5_passive_AC.pickle,132,2,3.6180904522613035
1480,TH_203,TH_203_5_passive_AC.pickle,142,2,1.4871794871794866
1481,AE_294,AE_294_5_passive_AC.pickle,1,4,4.539363484087103
1482,AE_294,AE_294_5_passive_AC.pickle,12,4,3.1993299832495823
1483,AE_294,AE_294_5_passive_AC.pickle,15,4,1.1078140454995056
1484,AE_294,AE_294_5_passive_AC.pickle,23,4,23.316582914572873
1485,AE_294,AE_294_5_passive_AC.pickle,24,4,7.1524288107202665
1486,AE_294,AE_294_5_passive_AC.pickle,27,4,11.356783919597987
1487,AE_294,AE_294_5_passive_AC.pickle,29,4,1.1197916666666667
1488,AE_294,AE_294_5_passive_AC.pickle,34,4,7.001675041876053
1489,AE_294,AE_294_5_passive_AC.pickle,35,4,7.240143369175627
1490,AE_294,AE_294_5_passive_AC.pickle,53,4,3.450586264656616
1491,AE_294,AE_294_5_passive_AC.pickle,54,4,2.395309882747067
1492,AE_294,AE_294_5_passive_AC.pickle,55,4,2.160804020100502
1493,AE_294,AE_294_5_passive_AC.pickle,63,4,7.955182072829133
1494,AE_294,AE_294_5_passive_AC.pickle,71,4,14.053601340033497
1495,AE_294,AE_294_5_passive_AC.pickle,79,4,0.7777777777777775
1496,AE_294,AE_294_5_passive_AC.pickle,87,4,5.40160642570281
1497,AE_294,AE_294_5_passive_AC.pickle,88,4,2.4561403508771935
1498,AE_294,AE_294_5_passive_AC.pickle,98,4,0.9111111111111112
1499,AE_294,AE_294_5_passive_AC.pickle,106,4,4.673366834170854
1500,AE_294,AE_294_5_passive_AC.pickle,108,4,24.61215932914046
1501,AE_294,AE_294_5_passive_AC.pickle,109,4,0.4463040446304047
1502,AE_294,AE_294_5_passive_AC.pickle,112,4,2.7777777777777763
1503,AE_294,AE_294_5_passive_AC.pickle,114,4,15.2428810720268
1504,AE_294,AE_294_5_passive_AC.pickle,119,4,1.4907872696817421
1505,AE_294,AE_294_5_passive_AC.pickle,120,4,1.490196078431372
1506,AE_294,AE_294_5_passive_AC.pickle,129,4,5.795454545454539
1507,AE_294,AE_294_5_passive_AC.pickle,135,4,44.63986599664993
1508,AE_294,AE_294_5_passive_AC.pickle,137,4,1.9262981574539366
1509,AE_294,AE_294_5_passive_AC.pickle,139,4,2.1869488536155197
1510,AE_294,AE_294_5_passive_AC.pickle,146,4,1.428571428571428
1511,AE_294,AE_294_5_passive_AC.pickle,147,4,1.0552763819095476
1512,AE_294,AE_294_5_passive_AC.pickle,148,4,15.27638190954772
1513,AE_294,AE_294_5_passive_AC.pickle,149,4,1.6465863453815266
1514,AE_294,AE_294_5_passive_AC.pickle,158,4,1.8592964824120606
1515,AE_294,AE_294_5_passive_AC.pickle,183,4,23.048576214405383
1516,AE_294,AE_294_5_passive_AC.pickle,185,4,5.9108527131782935
1517,AE_294,AE_294_5_passive_AC.pickle,206,4,0.5393743257820928
1518,AE_294,AE_294_5_passive_AC.pickle,212,4,0.7899807321772641
1519,AE_294,AE_294_5_passive_AC.pickle,214,4,7.435897435897433
1520,AE_294,AE_294_5_passive_AC.pickle,215,4,52.91457286432162
1521,AE_294,AE_294_5_passive_AC.pickle,219,4,0.7121661721068248
1522,AE_294,AE_294_5_passive_AC.pickle,229,4,26.734006734006726
1523,AE_294,AE_294_5_passive_AC.pickle,232,4,4.874371859296481
1524,AE_294,AE_294_5_passive_AC.pickle,233,4,1.0050251256281408
1525,AE_294,AE_294_5_passive_AC.pickle,234,4,18.475711892797314
1526,AE_294,AE_294_5_passive_AC.pickle,235,4,1.0769230769230766
1527,AE_294,AE_294_5_passive_AC.pickle,247,4,1.3806706114398415
1528,AE_294,AE_294_5_passive_AC.pickle,248,4,1.1646586345381529
1529,AE_294,AE_294_5_passive_AC.pickle,255,4,7.805695142378562
1530,AE_294,AE_294_5_passive_AC.pickle,275,4,1.4740368509212725
1531,AE_294,AE_294_5_passive_AC.pickle,276,4,14.72049689440994
1532,AE_294,AE_294_5_passive_AC.pickle,280,4,20.4355108877722
1533,TH_201,TH_201_7_passive_AC.pickle,4,3,9.226666666666667
1534,TH_201,TH_201_7_passive_AC.pickle,5,3,22.673992673992682
1535,TH_201,TH_201_7_passive_AC.pickle,9,3,13.791348600508904
1536,TH_201,TH_201_7_passive_AC.pickle,10,3,2.7638190954773894
1537,TH_201,TH_201_7_passive_AC.pickle,33,3,1.2304250559284111
1538,TH_201,TH_201_7_passive_AC.pickle,38,3,4.89112227805695
1539,TH_201,TH_201_7_passive_AC.pickle,47,3,38.58974358974361
