,animal,session,cluster ID,learning phase,nontarget evoked FR
0,AE_344,AE_344_10_opto_AC.pickle,15,3,6.344086021505378
1,AE_344,AE_344_10_opto_AC.pickle,27,3,-10.215053763440862
2,AE_344,AE_344_10_opto_AC.pickle,46,3,8.707482993197278
3,AE_344,AE_344_10_opto_AC.pickle,59,3,6.021505376344085
4,AE_344,AE_344_10_opto_AC.pickle,60,3,24.086021505376344
5,AE_344,AE_344_10_opto_AC.pickle,72,3,3.978494623655914
6,AE_344,AE_344_10_opto_AC.pickle,74,3,-6.021505376344087
7,AE_344,AE_344_10_opto_AC.pickle,78,3,-5.161290322580645
8,AE_344,AE_344_10_opto_AC.pickle,87,3,-3.9784946236559158
9,AE_344,AE_344_10_opto_AC.pickle,96,3,3.5374149659863945
10,AE_344,AE_344_10_opto_AC.pickle,114,3,-2.1505376344086025
11,AE_344,AE_344_10_opto_AC.pickle,119,3,3.03030303030303
12,AE_344,AE_344_10_opto_AC.pickle,127,3,-7.419354838709679
13,AE_344,AE_344_10_opto_AC.pickle,128,3,13.623188405797102
14,AE_344,AE_344_10_opto_AC.pickle,136,3,-0.860215053763441
15,AE_344,AE_344_10_opto_AC.pickle,141,3,20.86021505376344
16,AE_344,AE_344_10_opto_AC.pickle,144,3,-6.236559139784949
17,AE_344,AE_344_1_opto_AC.pickle,8,1,-5.4106280193236715
18,AE_344,AE_344_1_opto_AC.pickle,23,1,45.893719806763286
19,AE_344,AE_344_1_opto_AC.pickle,24,1,31.594202898550726
20,AE_344,AE_344_1_opto_AC.pickle,34,1,1.4492753623188406
21,AE_344,AE_344_1_opto_AC.pickle,47,1,12.85024154589372
22,AE_344,AE_344_1_opto_AC.pickle,48,1,11.690821256038646
23,AE_344,AE_344_1_opto_AC.pickle,53,1,1.7391304347826086
24,AE_344,AE_344_1_opto_AC.pickle,58,1,5.700483091787438
25,AE_344,AE_344_1_opto_AC.pickle,62,1,8.187134502923977
26,AE_344,AE_344_1_opto_AC.pickle,71,1,-4.154589371980678
27,AE_344,AE_344_2_opto_AC.pickle,3,1,20.493827160493826
28,AE_344,AE_344_2_opto_AC.pickle,16,1,-1.26984126984127
29,AE_344,AE_344_2_opto_AC.pickle,24,1,2.3809523809523805
30,AE_344,AE_344_2_opto_AC.pickle,32,1,-5.596707818930041
31,AE_344,AE_344_2_opto_AC.pickle,46,1,32.34567901234568
32,AE_344,AE_344_2_opto_AC.pickle,51,1,-10.617283950617285
33,AE_344,AE_344_2_opto_AC.pickle,53,1,-7.901234567901237
34,AE_344,AE_344_2_opto_AC.pickle,59,1,5.596707818930041
35,AE_344,AE_344_2_opto_AC.pickle,67,1,4.11522633744856
36,AE_344,AE_344_2_opto_AC.pickle,71,1,41.23456790123457
37,AE_344,AE_344_2_opto_AC.pickle,72,1,-2.6337448559670777
38,AE_344,AE_344_2_opto_AC.pickle,74,1,-8.395061728395062
39,AE_344,AE_344_2_opto_AC.pickle,81,1,-9.62962962962963
40,AE_344,AE_344_2_opto_AC.pickle,95,1,-11.275720164609053
41,AE_344,AE_344_2_opto_AC.pickle,96,1,-5.761316872427984
42,AE_344,AE_344_2_opto_AC.pickle,134,1,-10.781893004115226
43,AE_344,AE_344_2_opto_AC.pickle,136,1,-9.382716049382715
44,AE_344,AE_344_2_opto_AC.pickle,138,1,27.736625514403293
45,AE_344,AE_344_2_opto_AC.pickle,140,1,11.91919191919192
46,AE_344,AE_344_3_opto_AC.pickle,9,1,98.88888888888889
47,AE_344,AE_344_3_opto_AC.pickle,36,1,44.11764705882353
48,AE_344,AE_344_3_opto_AC.pickle,37,1,-5.555555555555556
49,AE_344,AE_344_3_opto_AC.pickle,40,1,3.7908496732026133
50,AE_344,AE_344_3_opto_AC.pickle,44,1,2.549019607843137
51,AE_344,AE_344_3_opto_AC.pickle,63,1,6.339869281045752
52,AE_344,AE_344_3_opto_AC.pickle,74,1,-5.294117647058823
53,AE_344,AE_344_3_opto_AC.pickle,85,1,60.39215686274509
54,AE_344,AE_344_3_opto_AC.pickle,91,1,11.054852320675105
55,AE_344,AE_344_3_opto_AC.pickle,112,1,-4.771241830065359
56,AE_344,AE_344_3_opto_AC.pickle,119,1,4.705882352941176
57,AE_344,AE_344_3_opto_AC.pickle,120,1,14.333333333333332
58,AE_344,AE_344_3_opto_AC.pickle,121,1,5.6
59,AE_344,AE_344_3_opto_AC.pickle,144,1,-4.836601307189543
60,AE_344,AE_344_3_opto_AC.pickle,156,1,5.620915032679739
61,AE_344,AE_344_3_opto_AC.pickle,161,1,-9.150326797385622
62,AE_344,AE_344_3_opto_AC.pickle,162,1,33.789954337899545
63,AE_344,AE_344_3_opto_AC.pickle,163,1,14.183006535947712
64,AE_344,AE_344_3_opto_AC.pickle,166,1,9.406392694063925
65,AE_344,AE_344_5_opto_AC.pickle,9,2,-3.4983498349834976
66,AE_344,AE_344_5_opto_AC.pickle,11,2,40.92409240924093
67,AE_344,AE_344_5_opto_AC.pickle,15,2,27.972508591065292
68,AE_344,AE_344_5_opto_AC.pickle,34,2,47.72277227722772
69,AE_344,AE_344_5_opto_AC.pickle,39,2,-4.761904761904762
70,AE_344,AE_344_5_opto_AC.pickle,41,2,22.64026402640264
71,AE_344,AE_344_5_opto_AC.pickle,66,2,-0.9876543209876543
72,AE_344,AE_344_5_opto_AC.pickle,77,2,-27.854785478547857
73,AE_344,AE_344_5_opto_AC.pickle,81,2,-3.7623762376237626
74,AE_344,AE_344_5_opto_AC.pickle,86,2,-6.9306930693069315
75,AE_344,AE_344_5_opto_AC.pickle,97,2,47.65676567656765
76,AE_344,AE_344_5_opto_AC.pickle,98,2,-6.336633663366337
77,AE_344,AE_344_5_opto_AC.pickle,99,2,-2.7927927927927927
78,AE_344,AE_344_5_opto_AC.pickle,102,2,-6.666666666666667
79,AE_344,AE_344_5_opto_AC.pickle,108,2,23.596491228070175
80,AE_344,AE_344_5_opto_AC.pickle,112,2,6.006600660066006
81,AE_344,AE_344_5_opto_AC.pickle,115,2,-3.6963696369636962
82,AE_344,AE_344_5_opto_AC.pickle,134,2,3.3003300330033
83,AE_344,AE_344_5_opto_AC.pickle,138,2,-3.432343234323432
84,AE_344,AE_344_5_opto_AC.pickle,151,2,-13.861386138613858
85,AE_344,AE_344_5_opto_AC.pickle,157,2,-3.3663366336633658
86,AE_344,AE_344_5_opto_AC.pickle,176,2,-1.7161716171617163
87,AE_344,AE_344_5_opto_AC.pickle,178,2,2.955326460481099
88,AE_344,AE_344_5_opto_AC.pickle,186,2,33.53135313531354
89,AE_344,AE_344_6_opto_AC.pickle,25,2,-5.636363636363637
90,AE_344,AE_344_6_opto_AC.pickle,46,2,10.903954802259886
91,AE_344,AE_344_6_opto_AC.pickle,93,2,-9.943502824858756
92,AE_344,AE_344_6_opto_AC.pickle,101,2,12.03883495145631
93,AE_344,AE_344_6_opto_AC.pickle,115,2,50.50847457627118
94,AE_344,AE_344_6_opto_AC.pickle,131,2,-3.6158192090395485
95,AE_344,AE_344_6_opto_AC.pickle,143,2,14.350282485875708
96,AE_344,AE_344_6_opto_AC.pickle,144,2,6.426426426426426
97,AE_344,AE_344_6_opto_AC.pickle,175,2,2.4293785310734455
98,AE_344,AE_344_6_opto_AC.pickle,187,2,7.740112994350284
99,AE_344,AE_344_6_opto_AC.pickle,195,2,7.231638418079097
100,AE_344,AE_344_6_opto_AC.pickle,204,2,5.9322033898305095
101,AE_344,AE_344_6_opto_AC.pickle,216,2,10.848484848484848
102,AE_344,AE_344_6_opto_AC.pickle,235,2,-3.163841807909604
103,AE_344,AE_344_6_opto_AC.pickle,249,2,9.782608695652176
104,AE_344,AE_344_6_opto_AC.pickle,268,2,4.80225988700565
105,AE_344,AE_344_6_opto_AC.pickle,272,2,0.9609609609609611
106,AE_344,AE_344_6_opto_AC.pickle,291,2,-1.2994350282485874
107,AE_344,AE_344_6_opto_AC.pickle,352,2,16.666666666666664
108,AE_344,AE_344_6_opto_AC.pickle,357,2,-7.288135593220339
109,AE_344,AE_344_6_opto_AC.pickle,362,2,-5.480225988700566
110,AE_344,AE_344_6_opto_AC.pickle,366,2,2.0338983050847457
111,AE_344,AE_344_6_opto_AC.pickle,367,2,2.9943502824858745
112,AE_344,AE_344_6_opto_AC.pickle,373,2,2.325581395348837
113,AE_344,AE_344_6_opto_AC.pickle,374,2,67.5438596491228
114,AE_344,AE_344_6_opto_AC.pickle,377,2,59.26553672316385
115,AE_344,AE_344_6_opto_AC.pickle,384,2,6.836158192090394
116,AE_344,AE_344_6_opto_AC.pickle,385,2,2.7118644067796605
117,AE_344,AE_344_7_opto_AC.pickle,0,3,-0.8888888888888888
118,AE_344,AE_344_7_opto_AC.pickle,18,3,15.925925925925927
119,AE_344,AE_344_7_opto_AC.pickle,44,3,-3.9259259259259265
120,AE_344,AE_344_7_opto_AC.pickle,49,3,9.703703703703702
121,AE_344,AE_344_7_opto_AC.pickle,77,3,-21.111111111111114
122,AE_344,AE_344_7_opto_AC.pickle,80,3,8.88888888888889
123,AE_344,AE_344_7_opto_AC.pickle,96,3,1.9259259259259256
124,AE_344,AE_344_7_opto_AC.pickle,100,3,-5.11111111111111
125,AE_344,AE_344_7_opto_AC.pickle,109,3,-6.740740740740742
126,AE_344,AE_344_7_opto_AC.pickle,111,3,4.502164502164502
127,AE_344,AE_344_7_opto_AC.pickle,112,3,1.0416666666666665
128,AE_344,AE_344_7_opto_AC.pickle,118,3,-1.3333333333333335
129,AE_344,AE_344_7_opto_AC.pickle,121,3,4.37037037037037
130,AE_344,AE_344_7_opto_AC.pickle,128,3,1.9259259259259256
131,AE_344,AE_344_7_opto_AC.pickle,129,3,-2.4444444444444446
132,AE_344,AE_344_7_opto_AC.pickle,130,3,6.296296296296296
133,AE_344,AE_344_7_opto_AC.pickle,133,3,5.185185185185185
134,AE_344,AE_344_7_opto_AC.pickle,145,3,-1.1851851851851856
135,AE_344,AE_344_7_opto_AC.pickle,169,3,-4.666666666666666
136,AE_344,AE_344_7_opto_AC.pickle,170,3,-1.851851851851852
137,AE_344,AE_344_7_opto_AC.pickle,174,3,4.148148148148148
138,AE_344,AE_344_7_opto_AC.pickle,182,3,-7.851851851851851
139,AE_344,AE_344_7_opto_AC.pickle,186,3,3.407407407407407
140,AE_344,AE_344_7_opto_AC.pickle,193,3,10.666666666666668
141,AE_344,AE_344_7_opto_AC.pickle,195,3,-13.11111111111111
142,AE_344,AE_344_7_opto_AC.pickle,197,3,-2.8888888888888893
143,AE_344,AE_344_7_opto_AC.pickle,210,3,8.666666666666666
144,AE_344,AE_344_7_opto_AC.pickle,212,3,-3.703703703703704
145,AE_344,AE_344_7_opto_AC.pickle,218,3,10.814814814814815
146,AE_344,AE_344_7_opto_AC.pickle,247,3,2.0740740740740744
147,AE_344,AE_344_7_opto_AC.pickle,276,3,2.2222222222222223
148,AE_344,AE_344_7_opto_AC.pickle,283,3,7.703703703703703
149,AE_344,AE_344_7_opto_AC.pickle,290,3,8.444444444444446
150,AE_344,AE_344_7_opto_AC.pickle,292,3,-2.2962962962962967
151,AE_344,AE_344_7_opto_AC.pickle,314,3,1.418439716312057
152,AE_344,AE_344_7_opto_AC.pickle,320,3,-7.111111111111111
153,AE_344,AE_344_7_opto_AC.pickle,336,3,-5.481481481481481
154,AE_344,AE_344_7_opto_AC.pickle,338,3,10.000000000000002
155,AE_344,AE_344_7_opto_AC.pickle,347,3,4.296296296296298
156,AE_344,AE_344_7_opto_AC.pickle,349,3,6.518518518518517
157,AE_344,AE_344_7_opto_AC.pickle,350,3,44.81481481481482
158,AE_344,AE_344_7_opto_AC.pickle,353,3,1.851851851851852
159,AE_344,AE_344_7_opto_AC.pickle,354,3,0.9230769230769231
160,AE_344,AE_344_8_opto_AC.pickle,17,3,9.302325581395348
161,AE_344,AE_344_8_opto_AC.pickle,58,3,2.3076923076923075
162,AE_344,AE_344_8_opto_AC.pickle,67,3,7.909604519774014
163,AE_344,AE_344_8_opto_AC.pickle,80,3,-2.28310502283105
164,AE_344,AE_344_8_opto_AC.pickle,90,3,25.74468085106383
165,AE_344,AE_344_8_opto_AC.pickle,121,3,4.908424908424909
166,AE_344,AE_344_8_opto_AC.pickle,135,3,2.2885572139303485
167,AE_344,AE_344_8_opto_AC.pickle,144,3,-2.7118644067796613
168,AE_344,AE_344_8_opto_AC.pickle,155,3,-3.1050228310502277
169,AE_344,AE_344_8_opto_AC.pickle,159,3,-6.723163841807908
170,AE_344,AE_344_8_opto_AC.pickle,220,3,-4.7407407407407405
171,AE_344,AE_344_8_opto_AC.pickle,236,3,5.0
172,AE_344,AE_344_8_opto_AC.pickle,255,3,9.830508474576272
173,AE_344,AE_344_8_opto_AC.pickle,260,3,9.382716049382715
174,AE_344,AE_344_8_opto_AC.pickle,267,3,5.3968253968253945
175,AE_344,AE_344_8_opto_AC.pickle,269,3,2.5423728813559325
176,AE_344,AE_344_8_opto_AC.pickle,279,3,19.2090395480226
177,AE_344,AE_344_8_opto_AC.pickle,282,3,16.836158192090394
178,AE_344,AE_344_8_opto_AC.pickle,283,3,1.807909604519773
179,AE_344,AE_344_8_opto_AC.pickle,284,3,4.293785310734462
180,AE_344,AE_344_8_opto_AC.pickle,286,3,0.790960451977401
181,AE_344,AE_344_9_opto_AC.pickle,7,3,15.757575757575758
182,AE_344,AE_344_9_opto_AC.pickle,14,3,11.26126126126126
183,AE_344,AE_344_9_opto_AC.pickle,23,3,6.850152905198776
184,AE_344,AE_344_9_opto_AC.pickle,41,3,-4.901960784313726
185,AE_344,AE_344_9_opto_AC.pickle,47,3,-4.4186046511627906
186,AE_344,AE_344_9_opto_AC.pickle,58,3,4.2342342342342345
187,AE_344,AE_344_9_opto_AC.pickle,64,3,-6.4220183486238565
188,AE_344,AE_344_9_opto_AC.pickle,79,3,31.056910569105693
189,AE_344,AE_344_9_opto_AC.pickle,81,3,5.887445887445887
190,AE_344,AE_344_9_opto_AC.pickle,89,3,6.666666666666668
191,AE_344,AE_344_9_opto_AC.pickle,109,3,-3.8383838383838387
192,AE_344,AE_344_9_opto_AC.pickle,163,3,3.3639143730886847
193,AE_344,AE_344_9_opto_AC.pickle,174,3,-1.9157088122605357
194,AE_344,AE_344_9_opto_AC.pickle,180,3,4.545454545454545
195,AE_344,AE_344_9_opto_AC.pickle,194,3,2.164502164502164
196,AE_344,AE_344_9_opto_AC.pickle,207,3,-1.2232415902140674
197,AE_344,AE_344_9_opto_AC.pickle,208,3,-0.3623188405797102
198,AE_344,AE_344_9_opto_AC.pickle,217,3,-3.5474006116207946
199,AE_344,AE_344_9_opto_AC.pickle,291,3,12.171253822629968
200,AE_344,AE_344_9_opto_AC.pickle,302,3,17.98165137614679
201,AE_344,AE_344_9_opto_AC.pickle,304,3,7.64525993883792
202,AE_344,AE_344_9_opto_AC.pickle,305,3,8.5823754789272
203,AE_346,AE_346_1_opto_AC.pickle,8,1,6.567164179104477
204,AE_346,AE_346_1_opto_AC.pickle,9,1,5.203252032520325
205,AE_346,AE_346_1_opto_AC.pickle,35,1,-2.9850746268656723
206,AE_346,AE_346_1_opto_AC.pickle,53,1,6.666666666666666
207,AE_346,AE_346_1_opto_AC.pickle,58,1,4.190476190476191
208,AE_346,AE_346_1_opto_AC.pickle,63,1,17.179487179487182
209,AE_346,AE_346_1_opto_AC.pickle,74,1,32.13930348258707
210,AE_346,AE_346_1_opto_AC.pickle,93,1,2.2885572139303485
211,AE_346,AE_346_1_opto_AC.pickle,101,1,9.054726368159205
212,AE_346,AE_346_1_opto_AC.pickle,110,1,-6.766169154228856
213,AE_346,AE_346_1_opto_AC.pickle,120,1,2.0895522388059704
214,AE_346,AE_346_1_opto_AC.pickle,126,1,-4.776119402985074
215,AE_346,AE_346_1_opto_AC.pickle,131,1,7.562189054726368
216,AE_346,AE_346_1_opto_AC.pickle,150,1,3.18407960199005
217,AE_346,AE_346_1_opto_AC.pickle,164,1,16.842105263157897
218,AE_346,AE_346_1_opto_AC.pickle,167,1,-1.0945273631840795
219,AE_346,AE_346_1_opto_AC.pickle,170,1,39.682539682539684
220,AE_346,AE_346_1_opto_AC.pickle,190,1,-2.2885572139303485
221,AE_346,AE_346_1_opto_AC.pickle,198,1,4.3999999999999995
222,AE_346,AE_346_1_opto_AC.pickle,209,1,-6.268656716417912
223,AE_346,AE_346_1_opto_AC.pickle,210,1,9.751243781094528
224,AE_346,AE_346_1_opto_AC.pickle,214,1,8.125
225,AE_346,AE_346_2_opto_AC.pickle,3,1,15.738831615120276
226,AE_346,AE_346_2_opto_AC.pickle,4,1,2.9223744292237437
227,AE_346,AE_346_2_opto_AC.pickle,6,1,22.817869415807557
228,AE_346,AE_346_2_opto_AC.pickle,17,1,7.766323024054983
229,AE_346,AE_346_2_opto_AC.pickle,31,1,-2.405498281786942
230,AE_346,AE_346_2_opto_AC.pickle,34,1,-5.42955326460481
231,AE_346,AE_346_2_opto_AC.pickle,56,1,-4.948453608247423
232,AE_346,AE_346_2_opto_AC.pickle,57,1,18.144329896907216
233,AE_346,AE_346_2_opto_AC.pickle,58,1,0.8934707903780067
234,AE_346,AE_346_2_opto_AC.pickle,59,1,45.70446735395189
235,AE_346,AE_346_2_opto_AC.pickle,76,1,18.350515463917525
236,AE_346,AE_346_2_opto_AC.pickle,77,1,6.470588235294118
237,AE_346,AE_346_2_opto_AC.pickle,78,1,9.347079037800686
238,AE_346,AE_346_2_opto_AC.pickle,87,1,3.4364261168384873
239,AE_346,AE_346_2_opto_AC.pickle,97,1,4.320987654320987
240,AE_346,AE_346_2_opto_AC.pickle,103,1,-8.453608247422682
241,AE_346,AE_346_2_opto_AC.pickle,104,1,13.67697594501718
242,AE_346,AE_346_2_opto_AC.pickle,108,1,-1.443298969072165
243,AE_346,AE_346_2_opto_AC.pickle,148,1,-2.7983539094650207
244,AE_346,AE_346_2_opto_AC.pickle,154,1,-4.123711340206185
245,AE_346,AE_346_2_opto_AC.pickle,176,1,-9.553264604810996
246,AE_346,AE_346_2_opto_AC.pickle,177,1,0.7619047619047619
247,AE_346,AE_346_4_opto_AC.pickle,2,2,8.860759493670887
248,AE_346,AE_346_4_opto_AC.pickle,8,2,0.8333333333333334
249,AE_346,AE_346_4_opto_AC.pickle,30,2,3.2558139534883725
250,AE_346,AE_346_4_opto_AC.pickle,59,2,-3.8818565400843883
251,AE_346,AE_346_4_opto_AC.pickle,75,2,6.329113924050633
252,AE_346,AE_346_4_opto_AC.pickle,107,2,12.48945147679325
253,AE_346,AE_346_4_opto_AC.pickle,142,2,-2.70042194092827
254,AE_346,AE_346_4_opto_AC.pickle,143,2,13.755274261603375
255,AE_346,AE_346_4_opto_AC.pickle,148,2,9.451476793248945
256,AE_346,AE_346_4_opto_AC.pickle,158,2,17.552742616033754
257,AE_346,AE_346_4_opto_AC.pickle,167,2,5.907172995780591
258,AE_346,AE_346_4_opto_AC.pickle,175,2,5.698924731182794
259,AE_346,AE_346_4_opto_AC.pickle,179,2,-2.869198312236288
260,AE_346,AE_346_4_opto_AC.pickle,180,2,3.58974358974359
261,AE_346,AE_346_4_opto_AC.pickle,200,2,3.571428571428571
262,AE_346,AE_346_4_opto_AC.pickle,213,2,1.871345029239766
263,AE_346,AE_346_4_opto_AC.pickle,223,2,1.2658227848101267
264,AE_346,AE_346_4_opto_AC.pickle,229,2,35.949367088607595
265,AE_346,AE_346_4_opto_AC.pickle,241,2,33.333333333333336
266,AE_346,AE_346_4_opto_AC.pickle,262,2,9.704641350210974
267,AE_346,AE_346_4_opto_AC.pickle,266,2,-2.70042194092827
268,AE_346,AE_346_4_opto_AC.pickle,268,2,-2.5316455696202533
269,AE_346,AE_346_4_opto_AC.pickle,270,2,10.210970464135022
270,AE_346,AE_346_5_opto_AC.pickle,6,2,5.405405405405407
271,AE_346,AE_346_5_opto_AC.pickle,7,2,-5.7057057057057055
272,AE_346,AE_346_5_opto_AC.pickle,8,2,4.444444444444445
273,AE_346,AE_346_5_opto_AC.pickle,26,2,11.591591591591591
274,AE_346,AE_346_5_opto_AC.pickle,27,2,-8.048048048048049
275,AE_346,AE_346_5_opto_AC.pickle,38,2,11.351351351351353
276,AE_346,AE_346_5_opto_AC.pickle,75,2,2.325581395348838
277,AE_346,AE_346_5_opto_AC.pickle,76,2,27.747747747747738
278,AE_346,AE_346_5_opto_AC.pickle,88,2,1.981981981981982
279,AE_346,AE_346_5_opto_AC.pickle,94,2,6.726726726726728
280,AE_346,AE_346_5_opto_AC.pickle,101,2,-2.1621621621621623
281,AE_346,AE_346_5_opto_AC.pickle,102,2,3.10077519379845
282,AE_346,AE_346_5_opto_AC.pickle,119,2,3.037974683544304
283,AE_346,AE_346_5_opto_AC.pickle,124,2,20.6006006006006
284,AE_346,AE_346_5_opto_AC.pickle,135,2,10.042194092827003
285,AE_346,AE_346_5_opto_AC.pickle,140,2,-2.222222222222223
286,AE_346,AE_346_5_opto_AC.pickle,146,2,-5.165165165165166
287,AE_346,AE_346_5_opto_AC.pickle,149,2,11.351351351351347
288,AE_346,AE_346_5_opto_AC.pickle,150,2,3.2432432432432434
289,AE_346,AE_346_5_opto_AC.pickle,151,2,44.80480480480481
290,AE_346,AE_346_5_opto_AC.pickle,155,2,-2.2222222222222228
291,AE_346,AE_346_5_opto_AC.pickle,159,2,74.5945945945946
292,AE_346,AE_346_5_opto_AC.pickle,186,2,2.8828828828828827
293,AE_346,AE_346_5_opto_AC.pickle,188,2,8.348348348348349
294,AE_346,AE_346_5_opto_AC.pickle,196,2,4.214559386973178
295,AE_346,AE_346_5_opto_AC.pickle,206,2,1.86046511627907
296,AE_346,AE_346_5_opto_AC.pickle,218,2,24.444444444444443
297,AE_346,AE_346_5_opto_AC.pickle,272,2,1.6666666666666663
298,AE_346,AE_346_5_opto_AC.pickle,291,2,0.9523809523809524
299,AE_346,AE_346_5_opto_AC.pickle,299,2,2.666666666666667
300,AE_346,AE_346_5_opto_AC.pickle,305,2,-2.5225225225225234
301,AE_346,AE_346_5_opto_AC.pickle,308,2,1.8604651162790697
302,AE_346,AE_346_5_opto_AC.pickle,337,2,3.655913978494623
303,AE_346,AE_346_5_opto_AC.pickle,341,2,3.010752688172043
304,AE_346,AE_346_5_opto_AC.pickle,354,2,41.44144144144144
305,AE_346,AE_346_5_opto_AC.pickle,355,2,6.606606606606606
306,AE_346,AE_346_5_opto_AC.pickle,356,2,-6.486486486486488
307,AE_346,AE_346_6_opto_AC.pickle,77,2,-4.63768115942029
308,AE_346,AE_346_6_opto_AC.pickle,92,2,-5.6521739130434785
309,AE_346,AE_346_6_opto_AC.pickle,133,2,2.463768115942029
310,AE_346,AE_346_6_opto_AC.pickle,157,2,1.5942028985507248
311,AE_346,AE_346_6_opto_AC.pickle,170,2,39.42028985507246
312,AE_346,AE_346_6_opto_AC.pickle,199,2,-2.4637681159420293
313,AE_346,AE_346_6_opto_AC.pickle,205,2,26.81159420289855
314,AE_346,AE_346_6_opto_AC.pickle,208,2,-3.4782608695652173
315,AE_346,AE_346_6_opto_AC.pickle,229,2,30.579710144927535
316,AE_346,AE_346_6_opto_AC.pickle,242,2,4.492753623188405
317,AE_346,AE_346_6_opto_AC.pickle,260,2,-2.6086956521739135
318,AE_346,AE_346_6_opto_AC.pickle,310,2,-8.695652173913043
319,AE_346,AE_346_6_opto_AC.pickle,314,2,-4.367816091954023
320,AE_346,AE_346_6_opto_AC.pickle,319,2,13.043478260869565
321,AE_346,AE_346_6_opto_AC.pickle,336,2,-3.8461538461538463
322,AE_346,AE_346_6_opto_AC.pickle,338,2,2.8205128205128203
323,AE_346,AE_346_7_opto_AC.pickle,19,3,-3.282051282051283
324,AE_346,AE_346_7_opto_AC.pickle,23,3,-12.176870748299319
325,AE_346,AE_346_7_opto_AC.pickle,30,3,5.633802816901409
326,AE_346,AE_346_7_opto_AC.pickle,37,3,17.07482993197279
327,AE_346,AE_346_7_opto_AC.pickle,66,3,30.54263565891473
328,AE_346,AE_346_7_opto_AC.pickle,70,3,60.544217687074834
329,AE_346,AE_346_7_opto_AC.pickle,72,3,67.82312925170069
330,AE_346,AE_346_7_opto_AC.pickle,81,3,50.68027210884353
331,AE_346,AE_346_7_opto_AC.pickle,90,3,31.496598639455783
332,AE_346,AE_346_7_opto_AC.pickle,95,3,-3.3333333333333335
333,AE_346,AE_346_7_opto_AC.pickle,106,3,47.68707482993197
334,AE_346,AE_346_7_opto_AC.pickle,147,3,67.82608695652175
335,AE_346,AE_346_7_opto_AC.pickle,200,3,0.7511737089201876
336,AE_346,AE_346_7_opto_AC.pickle,201,3,0.606060606060606
337,AE_346,AE_346_7_opto_AC.pickle,206,3,-3.6054421768707487
338,AE_346,AE_346_7_opto_AC.pickle,216,3,9.465020576131689
339,AE_346,AE_346_7_opto_AC.pickle,217,3,-12.448979591836734
340,AE_346,AE_346_7_opto_AC.pickle,238,3,-3.4013605442176873
341,AE_346,AE_346_7_opto_AC.pickle,253,3,3.3986928104575163
342,AE_346,AE_346_7_opto_AC.pickle,254,3,7.956989247311828
343,AE_346,AE_346_7_opto_AC.pickle,258,3,15.306122448979592
344,AE_346,AE_346_7_opto_AC.pickle,259,3,8.299319727891156
345,AE_346,AE_346_7_opto_AC.pickle,279,3,29.523809523809522
346,AE_346,AE_346_7_opto_AC.pickle,282,3,-5.287356321839081
347,AE_346,AE_346_7_opto_AC.pickle,310,3,0.7207207207207206
348,AE_346,AE_346_7_opto_AC.pickle,311,3,0.6349206349206349
349,AE_346,AE_346_7_opto_AC.pickle,315,3,-0.5633802816901409
350,AE_346,AE_346_7_opto_AC.pickle,320,3,-3.943661971830986
351,AE_346,AE_346_7_opto_AC.pickle,361,3,-24.504504504504506
352,AE_346,AE_346_7_opto_AC.pickle,364,3,-4.761904761904763
353,AE_346,AE_346_7_opto_AC.pickle,372,3,28.2312925170068
354,AE_346,AE_346_8_opto_AC.pickle,12,3,4.9275362318840585
355,AE_346,AE_346_8_opto_AC.pickle,28,3,-5.820105820105821
356,AE_346,AE_346_8_opto_AC.pickle,30,3,-2.0689655172413794
357,AE_346,AE_346_8_opto_AC.pickle,33,3,42.22222222222222
358,AE_346,AE_346_8_opto_AC.pickle,41,3,34.074074074074076
359,AE_346,AE_346_8_opto_AC.pickle,43,3,-1.3756613756613758
360,AE_346,AE_346_8_opto_AC.pickle,55,3,-1.4492753623188406
361,AE_346,AE_346_8_opto_AC.pickle,90,3,8.125
362,AE_346,AE_346_8_opto_AC.pickle,97,3,-6.041666666666667
363,AE_346,AE_346_8_opto_AC.pickle,102,3,-0.7407407407407408
364,AE_346,AE_346_8_opto_AC.pickle,110,3,-0.8465608465608466
365,AE_346,AE_346_8_opto_AC.pickle,115,3,-4.126984126984127
366,AE_346,AE_346_8_opto_AC.pickle,127,3,-1.5384615384615385
367,AE_346,AE_346_8_opto_AC.pickle,128,3,3.5978835978835977
368,AE_346,AE_346_8_opto_AC.pickle,130,3,3.125
369,AE_346,AE_346_8_opto_AC.pickle,132,3,-2.5490196078431375
370,AE_346,AE_346_8_opto_AC.pickle,141,3,15.999999999999998
371,AE_346,AE_346_8_opto_AC.pickle,146,3,10.897435897435898
372,AE_346,AE_346_8_opto_AC.pickle,152,3,-4.761904761904764
373,AE_346,AE_346_8_opto_AC.pickle,163,3,-11.481481481481483
374,AE_346,AE_346_9_opto_AC.pickle,0,3,7.58974358974359
375,AE_346,AE_346_9_opto_AC.pickle,1,3,66.58333333333333
376,AE_346,AE_346_9_opto_AC.pickle,7,3,8.833333333333332
377,AE_346,AE_346_9_opto_AC.pickle,17,3,1.5833333333333333
378,AE_346,AE_346_9_opto_AC.pickle,23,3,1.538461538461538
379,AE_346,AE_346_9_opto_AC.pickle,35,3,-2.916666666666667
380,AE_346,AE_346_9_opto_AC.pickle,43,3,-2.127659574468085
381,AE_346,AE_346_9_opto_AC.pickle,64,3,18.481012658227847
382,AE_346,AE_346_9_opto_AC.pickle,76,3,8.666666666666666
383,AE_346,AE_346_9_opto_AC.pickle,82,3,18.256410256410255
384,AE_346,AE_346_9_opto_AC.pickle,85,3,5.495495495495495
385,AE_346,AE_346_9_opto_AC.pickle,108,3,2.4166666666666665
386,AE_346,AE_346_9_opto_AC.pickle,110,3,4.416666666666667
387,AE_346,AE_346_9_opto_AC.pickle,130,3,19.083333333333336
388,AE_346,AE_346_9_opto_AC.pickle,137,3,5.416666666666667
389,AE_346,AE_346_9_opto_AC.pickle,160,3,33.15555555555555
390,AE_346,AE_346_9_opto_AC.pickle,178,3,-3.0
391,AE_350,AE_350_10_opto_control_AC.pickle,2,pre expert,7.450980392156863
392,AE_350,AE_350_10_opto_control_AC.pickle,22,pre expert,1.8546365914786964
393,AE_350,AE_350_10_opto_control_AC.pickle,25,pre expert,1.4117647058823524
394,AE_350,AE_350_10_opto_control_AC.pickle,35,pre expert,1.6862745098039214
395,AE_350,AE_350_10_opto_control_AC.pickle,39,pre expert,2.811244979919678
396,AE_350,AE_350_10_opto_control_AC.pickle,50,pre expert,-3.450980392156862
397,AE_350,AE_350_10_opto_control_AC.pickle,58,pre expert,19.607843137254903
398,AE_350,AE_350_10_opto_control_AC.pickle,66,pre expert,8.313725490196077
399,AE_350,AE_350_10_opto_control_AC.pickle,94,pre expert,0.0
400,AE_350,AE_350_10_opto_control_AC.pickle,104,pre expert,2.117647058823529
401,AE_350,AE_350_10_opto_control_AC.pickle,110,pre expert,2.135416666666667
402,AE_350,AE_350_10_opto_control_AC.pickle,122,pre expert,2.0392156862745097
403,AE_350,AE_350_10_opto_control_AC.pickle,128,pre expert,1.1372549019607856
404,AE_350,AE_350_10_opto_control_AC.pickle,132,pre expert,-3.9560439560439558
405,AE_350,AE_350_10_opto_control_AC.pickle,149,pre expert,1.1764705882352944
406,AE_350,AE_350_10_opto_control_AC.pickle,151,pre expert,2.3921568627450966
407,AE_350,AE_350_10_opto_control_AC.pickle,153,pre expert,1.0980392156862746
408,AE_350,AE_350_10_opto_control_AC.pickle,204,pre expert,-2.3529411764705888
409,AE_350,AE_350_10_opto_control_AC.pickle,206,pre expert,3.5294117647058822
410,AE_350,AE_350_10_opto_control_AC.pickle,208,pre expert,3.809523809523811
411,AE_350,AE_350_10_opto_control_AC.pickle,216,pre expert,3.5680751173708924
412,AE_350,AE_350_1_opto_control_AC.pickle,94,pre early,5.0
413,AE_350,AE_350_1_opto_control_AC.pickle,99,pre early,5.303030303030303
414,AE_350,AE_350_1_opto_control_AC.pickle,125,pre early,1.515151515151515
415,AE_350,AE_350_1_opto_control_AC.pickle,142,pre early,3.0303030303030303
416,AE_350,AE_350_1_opto_control_AC.pickle,148,pre early,9.84848484848485
417,AE_350,AE_350_1_opto_control_AC.pickle,152,pre early,4.3939393939393945
418,AE_350,AE_350_1_opto_control_AC.pickle,154,pre early,2.272727272727273
419,AE_350,AE_350_1_opto_control_AC.pickle,165,pre early,5.151515151515151
420,AE_350,AE_350_1_opto_control_AC.pickle,185,pre early,0.0
421,AE_350,AE_350_1_opto_control_AC.pickle,186,pre early,-2.424242424242424
422,AE_350,AE_350_1_opto_control_AC.pickle,198,pre early,5.6060606060606055
423,AE_350,AE_350_1_opto_control_AC.pickle,216,pre early,1.5151515151515151
424,AE_350,AE_350_1_opto_control_AC.pickle,250,pre early,-1.6666666666666665
425,AE_350,AE_350_1_opto_control_AC.pickle,252,pre early,3.7878787878787876
426,AE_350,AE_350_1_opto_control_AC.pickle,255,pre early,1.3636363636363635
427,AE_350,AE_350_1_opto_control_AC.pickle,265,pre early,2.575757575757575
428,AE_350,AE_350_1_opto_control_AC.pickle,277,pre early,-2.727272727272727
429,AE_350,AE_350_2_opto_control_AC.pickle,39,pre early,3.4871794871794872
430,AE_350,AE_350_2_opto_control_AC.pickle,73,pre early,8.739837398373982
431,AE_350,AE_350_2_opto_control_AC.pickle,88,pre early,2.8985507246376816
432,AE_350,AE_350_3_opto_control_AC.pickle,44,pre early,21.406727828746178
433,AE_350,AE_350_3_opto_control_AC.pickle,55,pre early,12.888888888888888
434,AE_350,AE_350_3_opto_control_AC.pickle,88,pre early,2.6299694189602447
435,AE_350,AE_350_3_opto_control_AC.pickle,114,pre early,0.9523809523809523
436,AE_350,AE_350_3_opto_control_AC.pickle,128,pre early,14.556574923547402
437,AE_350,AE_350_3_opto_control_AC.pickle,131,pre early,8.318042813455657
438,AE_350,AE_350_3_opto_control_AC.pickle,142,pre early,4.892966360856269
439,AE_350,AE_350_3_opto_control_AC.pickle,157,pre early,12.415902140672783
440,AE_350,AE_350_3_opto_control_AC.pickle,170,pre early,5.99388379204893
441,AE_350,AE_350_3_opto_control_AC.pickle,188,pre early,2.2629969418960245
442,AE_350,AE_350_3_opto_control_AC.pickle,202,pre early,5.443425076452599
443,AE_350,AE_350_3_opto_control_AC.pickle,209,pre early,17.431192660550458
444,AE_350,AE_350_3_opto_control_AC.pickle,211,pre early,2.324159021406728
445,AE_350,AE_350_3_opto_control_AC.pickle,253,pre early,2.2222222222222223
446,AE_350,AE_350_3_opto_control_AC.pickle,257,pre early,-1.0101010101010102
447,AE_350,AE_350_3_opto_control_AC.pickle,259,pre early,46.116207951070336
448,AE_350,AE_350_3_opto_control_AC.pickle,261,pre early,2.0183486238532105
449,AE_350,AE_350_3_opto_control_AC.pickle,266,pre early,1.529051987767584
450,AE_350,AE_350_3_opto_control_AC.pickle,273,pre early,22.752293577981654
451,AE_350,AE_350_3_opto_control_AC.pickle,277,pre early,-1.223241590214067
452,AE_350,AE_350_3_opto_control_AC.pickle,288,pre early,-1.149425287356322
453,AE_350,AE_350_3_opto_control_AC.pickle,295,pre early,-1.9571865443425078
454,AE_350,AE_350_3_opto_control_AC.pickle,300,pre early,-15.294117647058824
455,AE_350,AE_350_5_opto_control_AC.pickle,54,pre late,3.9035087719298245
456,AE_350,AE_350_5_opto_control_AC.pickle,68,pre late,14.516129032258064
457,AE_350,AE_350_5_opto_control_AC.pickle,72,pre late,2.7240143369175627
458,AE_350,AE_350_5_opto_control_AC.pickle,73,pre late,8.566308243727601
459,AE_350,AE_350_5_opto_control_AC.pickle,74,pre late,2.986666666666667
460,AE_350,AE_350_5_opto_control_AC.pickle,79,pre late,11.29032258064516
461,AE_350,AE_350_5_opto_control_AC.pickle,80,pre late,0.6146572104018913
462,AE_350,AE_350_5_opto_control_AC.pickle,90,pre late,-0.6984126984126985
463,AE_350,AE_350_5_opto_control_AC.pickle,91,pre late,22.974910394265237
464,AE_350,AE_350_5_opto_control_AC.pickle,92,pre late,-2.258064516129032
465,AE_350,AE_350_5_opto_control_AC.pickle,104,pre late,-4.157706093189964
466,AE_350,AE_350_5_opto_control_AC.pickle,110,pre late,4.737945492662474
467,AE_350,AE_350_5_opto_control_AC.pickle,137,pre late,19.31899641577061
468,AE_350,AE_350_5_opto_control_AC.pickle,146,pre late,26.236559139784944
469,AE_350,AE_350_5_opto_control_AC.pickle,155,pre late,2.1146953405017914
470,AE_350,AE_350_5_opto_control_AC.pickle,160,pre late,-0.6666666666666667
471,AE_350,AE_350_5_opto_control_AC.pickle,162,pre late,30.21505376344086
472,AE_350,AE_350_5_opto_control_AC.pickle,164,pre late,2.795698924731183
473,AE_350,AE_350_5_opto_control_AC.pickle,168,pre late,0.7407407407407407
474,AE_350,AE_350_5_opto_control_AC.pickle,169,pre late,1.827956989247312
475,AE_350,AE_350_5_opto_control_AC.pickle,178,pre late,5.495495495495495
476,AE_350,AE_350_5_opto_control_AC.pickle,223,pre late,1.3620071684587813
477,AE_350,AE_350_5_opto_control_AC.pickle,225,pre late,0.9318996415770606
478,AE_350,AE_350_5_opto_control_AC.pickle,226,pre late,2.1122112211221125
479,AE_350,AE_350_5_opto_control_AC.pickle,237,pre late,3.2492997198879547
480,AE_350,AE_350_6_opto_control_AC.pickle,0,pre late,-2.8310502283105023
481,AE_350,AE_350_6_opto_control_AC.pickle,14,pre late,10.350076103500761
482,AE_350,AE_350_6_opto_control_AC.pickle,23,pre late,6.179604261796044
483,AE_350,AE_350_6_opto_control_AC.pickle,60,pre late,2.983257229832571
484,AE_350,AE_350_6_opto_control_AC.pickle,61,pre late,0.487062404870624
485,AE_350,AE_350_6_opto_control_AC.pickle,90,pre late,-2.952815829528158
486,AE_350,AE_350_6_opto_control_AC.pickle,115,pre late,1.582952815829528
487,AE_350,AE_350_6_opto_control_AC.pickle,204,pre late,1.4427860696517414
488,AE_350,AE_350_7_opto_control_AC.pickle,84,pre late,1.679389312977099
489,AE_350,AE_350_7_opto_control_AC.pickle,91,pre late,1.6793893129770994
490,AE_350,AE_350_7_opto_control_AC.pickle,126,pre late,5.343511450381678
491,AE_350,AE_350_7_opto_control_AC.pickle,130,pre late,1.2722646310432566
492,AE_350,AE_350_7_opto_control_AC.pickle,159,pre late,-1.19047619047619
493,AE_350,AE_350_7_opto_control_AC.pickle,180,pre late,0.8651399491094147
494,AE_350,AE_350_7_opto_control_AC.pickle,183,pre late,6.870229007633587
495,AE_350,AE_350_7_opto_control_AC.pickle,198,pre late,2.544529262086514
496,AE_350,AE_350_7_opto_control_AC.pickle,228,pre late,2.4242424242424243
497,AE_350,AE_350_7_opto_control_AC.pickle,263,pre late,1.3231552162849871
498,AE_350,AE_350_7_opto_control_AC.pickle,279,pre late,1.272264631043257
499,AE_350,AE_350_7_opto_control_AC.pickle,282,pre late,-0.8333333333333334
500,AE_350,AE_350_7_opto_control_AC.pickle,290,pre late,0.9230769230769231
501,AE_350,AE_350_7_opto_control_AC.pickle,323,pre late,3.002544529262086
502,AE_350,AE_350_7_opto_control_AC.pickle,340,pre late,4.0712468193384215
503,AE_350,AE_350_7_opto_control_AC.pickle,342,pre late,2.544529262086513
504,AE_350,AE_350_7_opto_control_AC.pickle,344,pre late,1.2213740458015265
505,AE_350,AE_350_7_opto_control_AC.pickle,346,pre late,1.8320610687022902
506,AE_350,AE_350_7_opto_control_AC.pickle,348,pre late,1.8320610687022902
507,AE_350,AE_350_7_opto_control_AC.pickle,355,pre late,2.493638676844783
508,AE_350,AE_350_8_opto_control_AC.pickle,1,pre late,9.702660406885759
509,AE_350,AE_350_8_opto_control_AC.pickle,11,pre late,3.517587939698492
510,AE_350,AE_350_8_opto_control_AC.pickle,45,pre late,8.60719874804382
511,AE_350,AE_350_8_opto_control_AC.pickle,47,pre late,1.3771517996870104
512,AE_350,AE_350_8_opto_control_AC.pickle,69,pre late,6.2284820031298915
513,AE_350,AE_350_8_opto_control_AC.pickle,72,pre late,5.098039215686274
514,AE_350,AE_350_8_opto_control_AC.pickle,124,pre late,7.292644757433479
515,AE_350,AE_350_8_opto_control_AC.pickle,151,pre late,15.805946791862286
516,AE_350,AE_350_9_opto_control_AC.pickle,19,pre expert,4.976525821596245
517,AE_350,AE_350_9_opto_control_AC.pickle,27,pre expert,-1.7525773195876289
518,AE_350,AE_350_9_opto_control_AC.pickle,34,pre expert,1.9931271477663226
519,AE_350,AE_350_9_opto_control_AC.pickle,62,pre expert,12.714776632302407
520,AE_350,AE_350_9_opto_control_AC.pickle,75,pre expert,-3.4707903780068734
521,AE_350,AE_350_9_opto_control_AC.pickle,84,pre expert,2.6460481099656357
522,AE_350,AE_350_9_opto_control_AC.pickle,152,pre expert,12.714776632302407
523,AE_350,AE_350_9_opto_control_AC.pickle,157,pre expert,0.7903780068728523
524,AE_350,AE_350_9_opto_control_AC.pickle,158,pre expert,0.8934707903780068
525,AE_350,AE_350_9_opto_control_AC.pickle,161,pre expert,1.6494845360824741
526,AE_350,AE_350_9_opto_control_AC.pickle,165,pre expert,4.313725490196078
527,AE_351,AE_351_1_opto_control_AC.pickle,2,pre early,50.666666666666664
528,AE_351,AE_351_1_opto_control_AC.pickle,31,pre early,10.3768115942029
529,AE_351,AE_351_1_opto_control_AC.pickle,36,pre early,9.159420289855072
530,AE_351,AE_351_1_opto_control_AC.pickle,39,pre early,-2.9565217391304346
531,AE_351,AE_351_1_opto_control_AC.pickle,47,pre early,-4.579710144927535
532,AE_351,AE_351_1_opto_control_AC.pickle,48,pre early,3.4202898550724634
533,AE_351,AE_351_1_opto_control_AC.pickle,54,pre early,-0.463768115942029
534,AE_351,AE_351_1_opto_control_AC.pickle,68,pre early,2.608695652173913
535,AE_351,AE_351_1_opto_control_AC.pickle,78,pre early,-3.246376811594203
536,AE_351,AE_351_1_opto_control_AC.pickle,125,pre early,5.681159420289855
537,AE_351,AE_351_1_opto_control_AC.pickle,147,pre early,10.492753623188406
538,AE_351,AE_351_1_opto_control_AC.pickle,150,pre early,-2.2028985507246377
539,AE_351,AE_351_1_opto_control_AC.pickle,152,pre early,-1.6811594202898552
540,AE_351,AE_351_1_opto_control_AC.pickle,167,pre early,-1.1594202898550725
541,AE_351,AE_351_1_opto_control_AC.pickle,183,pre early,10.666666666666664
542,AE_351,AE_351_1_opto_control_AC.pickle,190,pre early,-5.220883534136546
543,AE_351,AE_351_1_opto_control_AC.pickle,203,pre early,-3.8840579710144922
544,AE_351,AE_351_1_opto_control_AC.pickle,240,pre early,16.579710144927535
545,AE_351,AE_351_1_opto_control_AC.pickle,242,pre early,6.724637681159419
546,AE_351,AE_351_1_opto_control_AC.pickle,256,pre early,-3.0144927536231885
547,AE_351,AE_351_1_opto_control_AC.pickle,260,pre early,0.46376811594202894
548,AE_351,AE_351_2_opto_control_AC.pickle,21,pre early,5.990338164251209
549,AE_351,AE_351_2_opto_control_AC.pickle,31,pre early,6.763285024154588
550,AE_351,AE_351_2_opto_control_AC.pickle,54,pre early,8.98550724637681
551,AE_351,AE_351_2_opto_control_AC.pickle,116,pre early,2.801932367149759
552,AE_351,AE_351_2_opto_control_AC.pickle,124,pre early,83.52657004830917
553,AE_351,AE_351_2_opto_control_AC.pickle,132,pre early,-10.338164251207731
554,AE_351,AE_351_2_opto_control_AC.pickle,133,pre early,15.314009661835753
555,AE_351,AE_351_2_opto_control_AC.pickle,177,pre early,12.753623188405797
556,AE_351,AE_351_2_opto_control_AC.pickle,179,pre early,13.18840579710145
557,AE_351,AE_351_2_opto_control_AC.pickle,186,pre early,6.280193236714976
558,AE_351,AE_351_2_opto_control_AC.pickle,195,pre early,4.589371980676329
559,AE_351,AE_351_2_opto_control_AC.pickle,200,pre early,3.57487922705314
560,AE_351,AE_351_2_opto_control_AC.pickle,245,pre early,-3.0434782608695654
561,AE_351,AE_351_2_opto_control_AC.pickle,261,pre early,-0.8695652173913045
562,AE_351,AE_351_2_opto_control_AC.pickle,290,pre early,2.911877394636015
563,AE_351,AE_351_2_opto_control_AC.pickle,333,pre early,24.05797101449275
564,AE_351,AE_351_2_opto_control_AC.pickle,335,pre early,-6.376811594202897
565,AE_351,AE_351_2_opto_control_AC.pickle,346,pre early,16.666666666666664
566,AE_351,AE_351_2_opto_control_AC.pickle,347,pre early,2.9468599033816414
567,AE_351,AE_351_2_opto_control_AC.pickle,348,pre early,2.4637681159420293
568,AE_351,AE_351_2_opto_control_AC.pickle,351,pre early,6.714975845410628
569,AE_351,AE_351_3_opto_control_AC.pickle,14,pre early,1.7857142857142856
570,AE_351,AE_351_3_opto_control_AC.pickle,17,pre early,4.109589041095891
571,AE_351,AE_351_3_opto_control_AC.pickle,30,pre early,-4.345238095238096
572,AE_351,AE_351_3_opto_control_AC.pickle,43,pre early,5.33333333333333
573,AE_351,AE_351_3_opto_control_AC.pickle,45,pre early,55.357142857142854
574,AE_351,AE_351_3_opto_control_AC.pickle,57,pre early,1.5476190476190474
575,AE_351,AE_351_3_opto_control_AC.pickle,78,pre early,-3.5714285714285716
576,AE_351,AE_351_3_opto_control_AC.pickle,81,pre early,11.428571428571427
577,AE_351,AE_351_3_opto_control_AC.pickle,89,pre early,7.738095238095237
578,AE_351,AE_351_3_opto_control_AC.pickle,90,pre early,4.5578231292517
579,AE_351,AE_351_3_opto_control_AC.pickle,99,pre early,7.142857142857142
580,AE_351,AE_351_3_opto_control_AC.pickle,103,pre early,5.416666666666665
581,AE_351,AE_351_3_opto_control_AC.pickle,105,pre early,1.6666666666666665
582,AE_351,AE_351_3_opto_control_AC.pickle,114,pre early,8.69047619047619
583,AE_351,AE_351_3_opto_control_AC.pickle,160,pre early,3.4523809523809517
584,AE_351,AE_351_3_opto_control_AC.pickle,167,pre early,9.523809523809524
585,AE_351,AE_351_3_opto_control_AC.pickle,168,pre early,11.666666666666668
586,AE_351,AE_351_3_opto_control_AC.pickle,179,pre early,1.7261904761904763
587,AE_351,AE_351_3_opto_control_AC.pickle,184,pre early,4.821428571428571
588,AE_351,AE_351_3_opto_control_AC.pickle,186,pre early,2.3809523809523814
589,AE_351,AE_351_3_opto_control_AC.pickle,219,pre early,7.231638418079095
590,AE_351,AE_351_3_opto_control_AC.pickle,250,pre early,3.2142857142857144
591,AE_351,AE_351_4_opto_control_AC.pickle,40,pre early,5.1360544217687085
592,AE_351,AE_351_4_opto_control_AC.pickle,77,pre early,8.877551020408163
593,AE_351,AE_351_4_opto_control_AC.pickle,101,pre early,-1.1640211640211642
594,AE_351,AE_351_4_opto_control_AC.pickle,135,pre early,2.517006802721088
595,AE_351,AE_351_4_opto_control_AC.pickle,145,pre early,4.047619047619046
596,AE_351,AE_351_4_opto_control_AC.pickle,165,pre early,1.3265306122448983
597,AE_351,AE_351_4_opto_control_AC.pickle,172,pre early,6.916666666666666
598,AE_351,AE_351_4_opto_control_AC.pickle,181,pre early,12.414965986394556
599,AE_351,AE_351_4_opto_control_AC.pickle,193,pre early,-1.132897603485839
600,AE_351,AE_351_4_opto_control_AC.pickle,195,pre early,2.5850340136054415
601,AE_351,AE_351_4_opto_control_AC.pickle,212,pre early,54.01360544217687
602,AE_351,AE_351_4_opto_control_AC.pickle,248,pre early,4.032921810699588
603,AE_351,AE_351_4_opto_control_AC.pickle,256,pre early,5.694444444444444
604,AE_351,AE_351_4_opto_control_AC.pickle,262,pre early,16.496598639455783
605,AE_351,AE_351_4_opto_control_AC.pickle,278,pre early,9.25925925925926
606,AE_351,AE_351_4_opto_control_AC.pickle,296,pre early,34.761904761904766
607,AE_351,AE_351_4_opto_control_AC.pickle,302,pre early,5.258215962441315
608,AE_351,AE_351_4_opto_control_AC.pickle,344,pre early,11.12244897959183
609,AE_351,AE_351_4_opto_control_AC.pickle,345,pre early,-8.605442176870742
610,AE_351,AE_351_4_opto_control_AC.pickle,346,pre early,-11.326530612244898
611,AE_351,AE_351_4_opto_control_AC.pickle,348,pre early,-3.196881091617934
612,AE_351,AE_351_4_opto_control_AC.pickle,356,pre early,-3.313840155945419
613,AE_351,AE_351_4_opto_control_AC.pickle,363,pre early,-4.217687074829931
614,AE_351,AE_351_4_opto_control_AC.pickle,368,pre early,5.635738831615121
615,AE_351,AE_351_4_opto_control_AC.pickle,370,pre early,32.6530612244898
616,AE_351,AE_351_4_opto_control_AC.pickle,374,pre early,2.7891156462585034
617,AE_351,AE_351_4_opto_control_AC.pickle,376,pre early,-0.5089058524173028
618,AE_351,AE_351_4_opto_control_AC.pickle,378,pre early,6.020408163265306
619,AE_351,AE_351_4_opto_control_AC.pickle,380,pre early,7.229437229437229
620,AE_351,AE_351_5_opto_control_AC.pickle,11,pre early,4.413145539906103
621,AE_351,AE_351_5_opto_control_AC.pickle,49,pre early,-8.028169014084506
622,AE_351,AE_351_5_opto_control_AC.pickle,59,pre early,4.929577464788732
623,AE_351,AE_351_5_opto_control_AC.pickle,109,pre early,2.0187793427230045
624,AE_351,AE_351_5_opto_control_AC.pickle,112,pre early,2.582159624413145
625,AE_351,AE_351_5_opto_control_AC.pickle,129,pre early,8.028169014084508
626,AE_351,AE_351_5_opto_control_AC.pickle,131,pre early,-5.117370892018778
627,AE_351,AE_351_5_opto_control_AC.pickle,132,pre early,5.399061032863849
628,AE_351,AE_351_5_opto_control_AC.pickle,135,pre early,-9.812206572769952
629,AE_351,AE_351_5_opto_control_AC.pickle,136,pre early,-19.01408450704226
630,AE_351,AE_351_5_opto_control_AC.pickle,139,pre early,15.070422535211263
631,AE_351,AE_351_5_opto_control_AC.pickle,140,pre early,5.507246376811594
632,AE_351,AE_351_5_opto_control_AC.pickle,151,pre early,-4.366197183098592
633,AE_351,AE_351_5_opto_control_AC.pickle,157,pre early,19.107981220657276
634,AE_351,AE_351_5_opto_control_AC.pickle,162,pre early,35.63380281690141
635,AE_351,AE_351_5_opto_control_AC.pickle,178,pre early,8.920187793427228
636,AE_351,AE_351_5_opto_control_AC.pickle,180,pre early,0.4694835680751174
637,AE_351,AE_351_5_opto_control_AC.pickle,181,pre early,25.727699530516432
638,AE_351,AE_351_5_opto_control_AC.pickle,183,pre early,5.44600938967136
639,AE_351,AE_351_5_opto_control_AC.pickle,197,pre early,1.455399061032863
640,AE_351,AE_351_5_opto_control_AC.pickle,205,pre early,4.084507042253523
641,AE_351,AE_351_5_opto_control_AC.pickle,223,pre early,-6.913580246913579
642,AE_351,AE_351_5_opto_control_AC.pickle,235,pre early,1.5492957746478873
643,AE_351,AE_351_5_opto_control_AC.pickle,236,pre early,3.725490196078431
644,AE_351,AE_351_5_opto_control_AC.pickle,249,pre early,-0.6572769953051644
645,AE_351,AE_351_5_opto_control_AC.pickle,277,pre early,1.408450704225352
646,AE_351,AE_351_5_opto_control_AC.pickle,279,pre early,-0.9389671361502347
647,AE_351,AE_351_5_opto_control_AC.pickle,291,pre early,-1.502347417840375
648,AE_351,AE_351_5_opto_control_AC.pickle,296,pre early,9.530516431924884
649,AE_351,AE_351_5_opto_control_AC.pickle,307,pre early,1.2676056338028168
650,AE_351,AE_351_5_opto_control_AC.pickle,309,pre early,14.08450704225352
651,AE_351,AE_351_5_opto_control_AC.pickle,316,pre early,35.72769953051643
652,AE_351,AE_351_5_opto_control_AC.pickle,319,pre early,-0.7981220657276995
653,AE_351,AE_351_6_opto_control_AC.pickle,4,pre early,-0.7876230661040788
654,AE_351,AE_351_6_opto_control_AC.pickle,10,pre early,-3.003952569169961
655,AE_351,AE_351_6_opto_control_AC.pickle,14,pre early,11.725955204216072
656,AE_351,AE_351_6_opto_control_AC.pickle,17,pre early,-3.10935441370224
657,AE_351,AE_351_6_opto_control_AC.pickle,19,pre early,10.935441370223979
658,AE_351,AE_351_6_opto_control_AC.pickle,24,pre early,-1.9354838709677427
659,AE_351,AE_351_6_opto_control_AC.pickle,29,pre early,22.66139657444005
660,AE_351,AE_351_6_opto_control_AC.pickle,51,pre early,5.375494071146245
661,AE_351,AE_351_6_opto_control_AC.pickle,59,pre early,4.7167325428195
662,AE_351,AE_351_6_opto_control_AC.pickle,62,pre early,-9.433465085638996
663,AE_351,AE_351_6_opto_control_AC.pickle,102,pre early,-0.34255599472990783
664,AE_351,AE_351_6_opto_control_AC.pickle,106,pre early,33.33333333333333
665,AE_351,AE_351_6_opto_control_AC.pickle,119,pre early,3.9700374531835205
666,AE_351,AE_351_6_opto_control_AC.pickle,124,pre early,5.88785046728972
667,AE_351,AE_351_6_opto_control_AC.pickle,133,pre early,6.0606060606060606
668,AE_351,AE_351_6_opto_control_AC.pickle,153,pre early,3.615819209039548
669,AE_351,AE_351_6_opto_control_AC.pickle,170,pre early,-2.924901185770751
670,AE_351,AE_351_6_opto_control_AC.pickle,172,pre early,35.125164690382086
671,AE_351,AE_351_6_opto_control_AC.pickle,180,pre early,9.06455862977602
672,AE_351,AE_351_6_opto_control_AC.pickle,186,pre early,1.729559748427673
673,AE_351,AE_351_6_opto_control_AC.pickle,212,pre early,8.007889546351084
674,AE_351,AE_351_6_opto_control_AC.pickle,260,pre early,40.80701754385965
675,AE_351,AE_351_6_opto_control_AC.pickle,269,pre early,8.44155844155844
676,AE_351,AE_351_6_opto_control_AC.pickle,285,pre early,1.4492753623188404
677,AE_351,AE_351_6_opto_control_AC.pickle,286,pre early,3.547400611620795
678,AE_351,AE_351_6_opto_control_AC.pickle,324,pre early,-7.2727272727272725
679,AE_351,AE_351_6_opto_control_AC.pickle,341,pre early,1.0802469135802468
680,AE_351,AE_351_7_opto_control_AC.pickle,7,pre early,4.43502824858757
681,AE_351,AE_351_7_opto_control_AC.pickle,11,pre early,4.142394822006472
682,AE_351,AE_351_7_opto_control_AC.pickle,36,pre early,1.7222222222222219
683,AE_351,AE_351_8_opto_control_AC.pickle,4,pre expert,12.244897959183673
684,AE_351,AE_351_8_opto_control_AC.pickle,9,pre expert,9.523809523809524
685,AE_351,AE_351_8_opto_control_AC.pickle,10,pre expert,
686,AE_351,AE_351_8_opto_control_AC.pickle,71,pre expert,5.442176870748299
687,AE_351,AE_351_8_opto_control_AC.pickle,85,pre expert,6.530612244897959
688,AE_351,AE_351_8_opto_control_AC.pickle,113,pre expert,-2.1768707482993204
689,AE_351,AE_351_8_opto_control_AC.pickle,137,pre expert,2.17687074829932
690,AE_359,AE_359_1_opto_control_AC.pickle,36,pre early,6.289855072463768
691,AE_359,AE_359_1_opto_control_AC.pickle,46,pre early,23.884057971014492
692,AE_359,AE_359_1_opto_control_AC.pickle,51,pre early,3.681159420289855
693,AE_359,AE_359_1_opto_control_AC.pickle,56,pre early,1.6521739130434776
694,AE_359,AE_359_1_opto_control_AC.pickle,91,pre early,33.971014492753625
695,AE_359,AE_359_1_opto_control_AC.pickle,99,pre early,13.0752688172043
696,AE_359,AE_359_1_opto_control_AC.pickle,100,pre early,10.869565217391305
697,AE_359,AE_359_1_opto_control_AC.pickle,101,pre early,-1.0317460317460319
698,AE_359,AE_359_1_opto_control_AC.pickle,122,pre early,-1.234567901234568
699,AE_359,AE_359_1_opto_control_AC.pickle,134,pre early,6.434782608695652
700,AE_359,AE_359_1_opto_control_AC.pickle,176,pre early,10.55072463768116
701,AE_359,AE_359_1_opto_control_AC.pickle,180,pre early,2.4927536231884058
702,AE_359,AE_359_2_opto_control_AC.pickle,0,pre early,22.447257383966246
703,AE_359,AE_359_2_opto_control_AC.pickle,50,pre early,-5.5696202531645564
704,AE_359,AE_359_2_opto_control_AC.pickle,66,pre early,-8.016877637130802
705,AE_359,AE_359_2_opto_control_AC.pickle,72,pre early,1.0317460317460316
706,AE_359,AE_359_2_opto_control_AC.pickle,155,pre early,1.0126582278481011
707,AE_359,AE_359_2_opto_control_AC.pickle,192,pre early,-4.3881856540084385
708,AE_359,AE_359_2_opto_control_AC.pickle,236,pre early,-0.8860759493670887
709,AE_359,AE_359_2_opto_control_AC.pickle,256,pre early,-1.9444444444444444
710,AE_359,AE_359_2_opto_control_AC.pickle,267,pre early,17.0042194092827
711,AE_359,AE_359_2_opto_control_AC.pickle,284,pre early,-6.28691983122363
712,AE_359,AE_359_2_opto_control_AC.pickle,290,pre early,-8.72549019607843
713,AE_359,AE_359_2_opto_control_AC.pickle,291,pre early,-4.057971014492754
714,AE_359,AE_359_2_opto_control_AC.pickle,305,pre early,-2.9113924050632907
715,AE_359,AE_359_3_opto_control_AC.pickle,76,pre early,4.27927927927928
716,AE_359,AE_359_3_opto_control_AC.pickle,105,pre early,2.1428571428571423
717,AE_359,AE_359_3_opto_control_AC.pickle,159,pre early,11.187739463601533
718,AE_359,AE_359_3_opto_control_AC.pickle,190,pre early,-2.837837837837837
719,AE_359,AE_359_3_opto_control_AC.pickle,213,pre early,6.581196581196582
720,AE_359,AE_359_4_opto_control_AC.pickle,75,pre late,-0.546448087431694
721,AE_359,AE_359_4_opto_control_AC.pickle,94,pre late,6.601307189542484
722,AE_359,AE_359_4_opto_control_AC.pickle,122,pre late,32.24932249322493
723,AE_359,AE_359_4_opto_control_AC.pickle,173,pre late,10.406504065040647
724,AE_359,AE_359_4_opto_control_AC.pickle,189,pre late,33.60433604336044
725,AE_359,AE_359_4_opto_control_AC.pickle,209,pre late,3.693693693693694
726,AE_359,AE_359_4_opto_control_AC.pickle,210,pre late,19.607843137254903
727,AE_359,AE_359_4_opto_control_AC.pickle,260,pre late,-2.8184281842818413
728,AE_359,AE_359_4_opto_control_AC.pickle,264,pre late,6.572769953051643
729,AE_359,AE_359_4_opto_control_AC.pickle,266,pre late,3.7398373983739837
730,AE_359,AE_359_5_opto_control_AC.pickle,39,pre late,-2.686567164179106
731,AE_359,AE_359_5_opto_control_AC.pickle,55,pre late,-3.681592039800993
732,AE_359,AE_359_5_opto_control_AC.pickle,57,pre late,-6.235489220563848
733,AE_359,AE_359_5_opto_control_AC.pickle,58,pre late,-1.7247097844112753
734,AE_359,AE_359_5_opto_control_AC.pickle,62,pre late,-3.2504145936981756
735,AE_359,AE_359_5_opto_control_AC.pickle,80,pre late,-3.150912106135988
736,AE_359,AE_359_5_opto_control_AC.pickle,84,pre late,0.9950248756218907
737,AE_359,AE_359_5_opto_control_AC.pickle,88,pre late,5.870646766169155
738,AE_359,AE_359_5_opto_control_AC.pickle,93,pre late,10.812603648424542
739,AE_359,AE_359_5_opto_control_AC.pickle,104,pre late,-0.7296849087893862
740,AE_359,AE_359_5_opto_control_AC.pickle,113,pre late,6.320346320346321
741,AE_359,AE_359_5_opto_control_AC.pickle,120,pre late,1.227197346600331
742,AE_359,AE_359_5_opto_control_AC.pickle,122,pre late,-1.094527363184079
743,AE_359,AE_359_5_opto_control_AC.pickle,126,pre late,2.4543946932006637
744,AE_359,AE_359_5_opto_control_AC.pickle,141,pre late,-1.4593698175787733
745,AE_359,AE_359_5_opto_control_AC.pickle,154,pre late,-0.7296849087893865
746,AE_359,AE_359_5_opto_control_AC.pickle,158,pre late,1.9323671497584543
747,AE_359,AE_359_5_opto_control_AC.pickle,190,pre late,-1.3266998341625214
748,AE_359,AE_359_5_opto_control_AC.pickle,192,pre late,3.7810945273631837
749,AE_359,AE_359_6_opto_control_AC.pickle,48,pre late,-7.547892720306514
750,AE_359,AE_359_6_opto_control_AC.pickle,76,pre late,5.134099616858237
751,AE_359,AE_359_6_opto_control_AC.pickle,84,pre late,3.678160919540228
752,AE_359,AE_359_6_opto_control_AC.pickle,94,pre late,22.68199233716475
753,AE_359,AE_359_6_opto_control_AC.pickle,96,pre late,-0.49808429118773967
754,AE_359,AE_359_6_opto_control_AC.pickle,107,pre late,-2.0306513409961697
755,AE_359,AE_359_6_opto_control_AC.pickle,110,pre late,7.972972972972974
756,AE_359,AE_359_6_opto_control_AC.pickle,121,pre late,4.904214559386973
757,AE_359,AE_359_6_opto_control_AC.pickle,146,pre late,9.371069182389938
758,AE_359,AE_359_6_opto_control_AC.pickle,147,pre late,10.15151515151515
759,AE_359,AE_359_6_opto_control_AC.pickle,173,pre late,4.444444444444445
760,AE_359,AE_359_6_opto_control_AC.pickle,174,pre late,2.4188790560471976
761,AE_359,AE_359_6_opto_control_AC.pickle,176,pre late,-3.1417624521072796
762,AE_359,AE_359_6_opto_control_AC.pickle,182,pre late,2.873563218390805
763,AE_359,AE_359_6_opto_control_AC.pickle,194,pre late,21.57088122605364
764,AE_359,AE_359_7_opto_control_AC.pickle,11,pre expert,6.857142857142858
765,AE_359,AE_359_7_opto_control_AC.pickle,18,pre expert,3.5238095238095233
766,AE_359,AE_359_7_opto_control_AC.pickle,34,pre expert,
767,AE_359,AE_359_7_opto_control_AC.pickle,38,pre expert,-12.857142857142858
768,AE_359,AE_359_7_opto_control_AC.pickle,51,pre expert,-1.1428571428571432
769,AE_359,AE_359_7_opto_control_AC.pickle,83,pre expert,2.666666666666666
770,AE_359,AE_359_7_opto_control_AC.pickle,86,pre expert,-2.0
771,AE_359,AE_359_7_opto_control_AC.pickle,120,pre expert,25.9047619047619
772,AE_359,AE_359_7_opto_control_AC.pickle,123,pre expert,
773,AE_367,AE_367_1_opto_AC.pickle,12,1,-2.2580645161290325
774,AE_367,AE_367_1_opto_AC.pickle,17,1,3.763440860215053
775,AE_367,AE_367_1_opto_AC.pickle,18,1,10.537634408602148
776,AE_367,AE_367_1_opto_AC.pickle,30,1,7.741935483870964
777,AE_367,AE_367_1_opto_AC.pickle,35,1,83.11827956989248
778,AE_367,AE_367_1_opto_AC.pickle,107,1,3.333333333333332
779,AE_367,AE_367_1_opto_AC.pickle,108,1,30.64516129032258
780,AE_367,AE_367_1_opto_AC.pickle,115,1,-2.365591397849463
781,AE_367,AE_367_1_opto_AC.pickle,146,1,1.935483870967742
782,AE_367,AE_367_1_opto_AC.pickle,151,1,1.7283950617283956
783,AE_367,AE_367_1_opto_AC.pickle,168,1,30.967741935483872
784,AE_367,AE_367_1_opto_AC.pickle,170,1,13.655913978494626
785,AE_367,AE_367_1_opto_AC.pickle,172,1,9.46236559139785
786,AE_367,AE_367_1_opto_AC.pickle,173,1,-5.698924731182797
787,AE_367,AE_367_1_opto_AC.pickle,178,1,7.526881720430108
788,AE_367,AE_367_1_opto_AC.pickle,180,1,17.38562091503268
789,AE_367,AE_367_3_opto_AC.pickle,34,1,-5.6000000000000085
790,AE_367,AE_367_3_opto_AC.pickle,40,1,6.133333333333333
791,AE_367,AE_367_3_opto_AC.pickle,45,1,3.374485596707819
792,AE_367,AE_367_3_opto_AC.pickle,52,1,1.1999999999999997
793,AE_367,AE_367_3_opto_AC.pickle,59,1,-3.466666666666667
794,AE_367,AE_367_3_opto_AC.pickle,60,1,3.066666666666667
795,AE_367,AE_367_3_opto_AC.pickle,90,1,10.0
796,AE_367,AE_367_3_opto_AC.pickle,98,1,1.2666666666666666
797,AE_367,AE_367_3_opto_AC.pickle,115,1,12.466666666666667
798,AE_367,AE_367_3_opto_AC.pickle,157,1,-2.8455284552845512
799,AE_367,AE_367_3_opto_AC.pickle,213,1,4.3999999999999995
800,AE_367,AE_367_3_opto_AC.pickle,237,1,4.533333333333328
801,AE_367,AE_367_4_opto_AC.pickle,16,2,-4.722222222222223
802,AE_367,AE_367_4_opto_AC.pickle,30,2,52.27642276422764
803,AE_367,AE_367_4_opto_AC.pickle,36,2,5.539906103286384
804,AE_367,AE_367_4_opto_AC.pickle,80,2,4.513888888888889
805,AE_367,AE_367_4_opto_AC.pickle,81,2,3.448275862068966
806,AE_367,AE_367_4_opto_AC.pickle,83,2,15.347222222222223
807,AE_367,AE_367_4_opto_AC.pickle,98,2,13.741496598639456
808,AE_367,AE_367_5_opto_AC.pickle,9,2,3.84313725490196
809,AE_367,AE_367_5_opto_AC.pickle,15,2,3.6078431372549025
810,AE_367,AE_367_5_opto_AC.pickle,16,2,26.90196078431373
811,AE_367,AE_367_5_opto_AC.pickle,40,2,10.196078431372548
812,AE_367,AE_367_5_opto_AC.pickle,54,2,9.333333333333332
813,AE_367,AE_367_5_opto_AC.pickle,115,2,2.980392156862745
814,AE_367,AE_367_5_opto_AC.pickle,148,2,10.196078431372548
815,AE_367,AE_367_5_opto_AC.pickle,153,2,3.1372549019607834
816,AE_367,AE_367_5_opto_AC.pickle,160,2,8.784313725490197
817,AE_367,AE_367_5_opto_AC.pickle,161,2,-0.8955223880597016
818,AE_367,AE_367_5_opto_AC.pickle,168,2,2.608695652173913
819,AE_367,AE_367_5_opto_AC.pickle,175,2,-1.5962441314553992
820,AE_367,AE_367_5_opto_AC.pickle,188,2,6.5476190476190474
821,AE_367,AE_367_5_opto_AC.pickle,193,2,9.0
822,AE_367,AE_367_5_opto_AC.pickle,194,2,6.431372549019608
823,AE_367,AE_367_5_opto_AC.pickle,203,2,5.019607843137255
824,AE_367,AE_367_6_opto_AC.pickle,11,2,64.0
825,AE_367,AE_367_6_opto_AC.pickle,14,2,6.888888888888889
826,AE_367,AE_367_6_opto_AC.pickle,26,2,-0.888888888888889
827,AE_367,AE_367_6_opto_AC.pickle,27,2,9.876543209876543
828,AE_367,AE_367_6_opto_AC.pickle,29,2,8.88888888888889
829,AE_367,AE_367_6_opto_AC.pickle,30,2,40.0
830,AE_367,AE_367_6_opto_AC.pickle,32,2,70.33333333333334
831,AE_367,AE_367_6_opto_AC.pickle,33,2,10.333333333333332
832,AE_367,AE_367_8_opto_AC.pickle,12,3,30.526315789473685
833,AE_367,AE_367_8_opto_AC.pickle,13,3,7.705627705627705
834,AE_367,AE_367_8_opto_AC.pickle,15,3,6.4646464646464645
835,AE_367,AE_367_8_opto_AC.pickle,16,3,13.532338308457712
836,AE_367,AE_367_8_opto_AC.pickle,64,3,3.9285714285714284
837,AE_367,AE_367_8_opto_AC.pickle,69,3,2.666666666666667
838,AE_367,AE_367_9_opto_AC.pickle,49,3,-2.2857142857142856
839,AE_367,AE_367_9_opto_AC.pickle,57,3,-2.095238095238096
840,AE_418,AE_418_1_opto_control_AC.pickle,44,pre early,1.5023474178403755
841,AE_418,AE_418_1_opto_control_AC.pickle,107,pre early,1.0909090909090917
842,AE_418,AE_418_1_opto_control_AC.pickle,125,pre early,1.4414414414414414
843,AE_418,AE_418_1_opto_control_AC.pickle,127,pre early,2.621722846441947
844,AE_418,AE_418_1_opto_control_AC.pickle,157,pre early,3.0188679245283017
845,AE_418,AE_418_2_opto_control_AC.pickle,11,pre early,3.0363036303630366
846,AE_418,AE_418_2_opto_control_AC.pickle,94,pre early,2.2442244224422447
847,AE_418,AE_418_2_opto_control_AC.pickle,106,pre early,2.772277227722772
848,AE_418,AE_418_2_opto_control_AC.pickle,140,pre early,-0.6802721088435375
849,AE_418,AE_418_2_opto_control_AC.pickle,143,pre early,-2.2442244224422443
850,AE_418,AE_418_3_opto_control_AC.pickle,19,pre late,27.254901960784316
851,AE_418,AE_418_3_opto_control_AC.pickle,24,pre late,1.7073170731707317
852,AE_418,AE_418_3_opto_control_AC.pickle,51,pre late,-2.2058823529411757
853,AE_418,AE_418_3_opto_control_AC.pickle,56,pre late,-1.8627450980392157
854,AE_418,AE_418_3_opto_control_AC.pickle,65,pre late,-6.029411764705888
855,AE_418,AE_418_3_opto_control_AC.pickle,77,pre late,9.444444444444445
856,AE_418,AE_418_3_opto_control_AC.pickle,155,pre late,-3.284313725490197
857,AE_418,AE_418_3_opto_control_AC.pickle,173,pre late,-2.7106227106227108
858,AE_418,AE_418_4_opto_control_AC.pickle,22,pre expert,4.197530864197532
859,AE_418,AE_418_4_opto_control_AC.pickle,32,pre expert,7.160493827160494
860,AE_418,AE_418_4_opto_control_AC.pickle,37,pre expert,7.160493827160494
861,AE_418,AE_418_4_opto_control_AC.pickle,56,pre expert,14.074074074074076
862,AE_418,AE_418_4_opto_control_AC.pickle,63,pre expert,11.11111111111111
863,AE_418,AE_418_4_opto_control_AC.pickle,65,pre expert,19.753086419753085
864,AE_418,AE_418_4_opto_control_AC.pickle,98,pre expert,70.12345679012347
865,AE_418,AE_418_4_opto_control_AC.pickle,108,pre expert,67.65432098765432
866,AE_418,AE_418_4_opto_control_AC.pickle,127,pre expert,19.25925925925926
867,AE_418,AE_418_4_opto_control_AC.pickle,139,pre expert,-2.469135802469136
868,AE_418,AE_418_4_opto_control_AC.pickle,140,pre expert,18.271604938271604
869,AE_418,AE_418_4_opto_control_AC.pickle,146,pre expert,-0.4938271604938272
870,AE_418,AE_418_4_opto_control_AC.pickle,148,pre expert,2.7160493827160495
871,AE_418,AE_418_4_opto_control_AC.pickle,151,pre expert,20.98765432098765
872,AE_418,AE_418_4_opto_control_AC.pickle,153,pre expert,5.432098765432098
873,AE_418,AE_418_4_opto_control_AC.pickle,170,pre expert,14.320987654320987
874,AE_418,AE_418_4_opto_control_AC.pickle,185,pre expert,70.37037037037037
875,AE_418,AE_418_5_opto_control_AC.pickle,14,pre expert,1.3043478260869565
876,AE_418,AE_418_5_opto_control_AC.pickle,25,pre expert,87.53623188405797
877,AE_418,AE_418_5_opto_control_AC.pickle,26,pre expert,44.347826086956516
878,AE_418,AE_418_5_opto_control_AC.pickle,30,pre expert,0.43478260869565216
879,AE_418,AE_418_5_opto_control_AC.pickle,36,pre expert,1.4492753623188406
880,AE_418,AE_418_5_opto_control_AC.pickle,45,pre expert,16.956521739130434
881,AE_418,AE_418_5_opto_control_AC.pickle,64,pre expert,-2.6086956521739135
882,AE_418,AE_418_5_opto_control_AC.pickle,75,pre expert,
883,AE_418,AE_418_5_opto_control_AC.pickle,81,pre expert,30.869565217391305
884,AE_418,AE_418_5_opto_control_AC.pickle,95,pre expert,16.666666666666664
885,AE_418,AE_418_5_opto_control_AC.pickle,96,pre expert,-8.695652173913043
886,AE_418,AE_418_5_opto_control_AC.pickle,97,pre expert,3.333333333333334
887,AE_418,AE_418_5_opto_control_AC.pickle,101,pre expert,23.188405797101453
888,AE_418,AE_418_5_opto_control_AC.pickle,113,pre expert,3.7681159420289854
889,AE_418,AE_418_5_opto_control_AC.pickle,114,pre expert,28.840579710144926
890,AE_418,AE_418_5_opto_control_AC.pickle,120,pre expert,-2.898550724637681
891,AE_418,AE_418_5_opto_control_AC.pickle,122,pre expert,27.391304347826086
892,AE_418,AE_418_5_opto_control_AC.pickle,127,pre expert,
893,AE_418,AE_418_5_opto_control_AC.pickle,137,pre expert,4.492753623188406
894,AE_418,AE_418_5_opto_control_AC.pickle,146,pre expert,10.869565217391305
895,AE_418,AE_418_5_opto_control_AC.pickle,148,pre expert,17.681159420289855
896,AE_418,AE_418_5_opto_control_AC.pickle,150,pre expert,11.304347826086957
897,AE_418,AE_418_5_opto_control_AC.pickle,157,pre expert,
898,AE_418,AE_418_5_opto_control_AC.pickle,160,pre expert,58.84057971014493
899,AE_418,AE_418_5_opto_control_AC.pickle,172,pre expert,
900,AE_418,AE_418_5_opto_control_AC.pickle,181,pre expert,-2.7536231884057973
901,AE_418,AE_418_5_opto_control_AC.pickle,182,pre expert,111.59420289855073
902,AE_498,AE_498_1_opto_control_AC.pickle,16,pre early,-2.8911564625850357
903,AE_498,AE_498_1_opto_control_AC.pickle,100,pre early,5.3401360544217695
904,AE_498,AE_498_1_opto_control_AC.pickle,146,pre early,8.741496598639458
905,AE_498,AE_498_1_opto_control_AC.pickle,152,pre early,4.231884057971015
906,AE_498,AE_498_1_opto_control_AC.pickle,225,pre early,10.816326530612242
907,AE_498,AE_498_1_opto_control_AC.pickle,313,pre early,-8.469387755102042
908,AE_498,AE_498_1_opto_control_AC.pickle,316,pre early,5.076452599388381
909,AE_498,AE_498_2_opto_control_AC.pickle,61,pre late,18.87550200803213
910,AE_498,AE_498_2_opto_control_AC.pickle,81,pre late,3.9053254437869827
911,AE_498,AE_498_2_opto_control_AC.pickle,100,pre late,1.89247311827957
912,AE_498,AE_498_2_opto_control_AC.pickle,107,pre late,-2.165963431786217
913,AE_498,AE_498_2_opto_control_AC.pickle,240,pre late,-5.091420534458511
914,AE_498,AE_498_3_opto_control_AC.pickle,112,pre late,11.07070707070707
915,AE_498,AE_498_3_opto_control_AC.pickle,116,pre late,-2.0202020202020208
916,AE_498,AE_498_3_opto_control_AC.pickle,247,pre late,3.0588235294117654
917,AE_498,AE_498_3_opto_control_AC.pickle,293,pre late,3.191919191919192
918,AE_498,AE_498_4_opto_control_AC.pickle,68,pre expert,
919,AE_498,AE_498_4_opto_control_AC.pickle,72,pre expert,11.056910569105689
920,AE_498,AE_498_4_opto_control_AC.pickle,88,pre expert,6.66666666666667
921,AE_498,AE_498_4_opto_control_AC.pickle,96,pre expert,25.528455284552848
922,AE_498,AE_498_4_opto_control_AC.pickle,126,pre expert,
923,AE_498,AE_498_4_opto_control_AC.pickle,229,pre expert,17.560975609756095
924,AE_498,AE_498_4_opto_control_AC.pickle,236,pre expert,13.008130081300813
925,AE_498,AE_498_4_opto_control_AC.pickle,285,pre expert,7.967479674796746
926,AE_498,AE_498_4_opto_control_AC.pickle,291,pre expert,7.967479674796748
927,AE_498,AE_498_4_opto_control_AC.pickle,295,pre expert,
928,AE_498,AE_498_4_opto_control_AC.pickle,299,pre expert,
929,AE_498,AE_498_5_opto_control_AC.pickle,69,pre expert,67.36559139784947
930,AE_498,AE_498_5_opto_control_AC.pickle,73,pre expert,10.32258064516129
931,AE_498,AE_498_5_opto_control_AC.pickle,74,pre expert,53.97849462365591
932,AE_498,AE_498_5_opto_control_AC.pickle,99,pre expert,7.634408602150538
933,AE_498,AE_498_5_opto_control_AC.pickle,159,pre expert,12.096774193548386
934,AE_498,AE_498_5_opto_control_AC.pickle,162,pre expert,-2.5925925925925926
935,AE_498,AE_498_5_opto_control_AC.pickle,169,pre expert,14.516129032258068
936,AE_498,AE_498_5_opto_control_AC.pickle,171,pre expert,2.311827956989248
937,AE_498,AE_498_5_opto_control_AC.pickle,172,pre expert,3.494623655913977
938,AE_498,AE_498_5_opto_control_AC.pickle,173,pre expert,2.7777777777777772
939,AE_498,AE_498_5_opto_control_AC.pickle,192,pre expert,-0.6451612903225807
940,AE_498,AE_498_5_opto_control_AC.pickle,207,pre expert,-1.1111111111111107
941,AE_498,AE_498_5_opto_control_AC.pickle,208,pre expert,2.0833333333333335
942,AE_498,AE_498_5_opto_control_AC.pickle,257,pre expert,5.614035087719298
943,AE_498,AE_498_5_opto_control_AC.pickle,274,pre expert,2.365591397849462
944,AE_498,AE_498_5_opto_control_AC.pickle,275,pre expert,21.451612903225804
945,AE_498,AE_498_5_opto_control_AC.pickle,276,pre expert,-5.698924731182794
946,AE_498,AE_498_5_opto_control_AC.pickle,277,pre expert,-4.408602150537636
947,AE_498,AE_498_5_opto_control_AC.pickle,279,pre expert,-4.462365591397848
948,AE_498,AE_498_5_opto_control_AC.pickle,292,pre expert,6.318840579710145
